1928,22141
3076,23282
15595,35477
13660,33637
2075,22289
17389,37229
16239,36107
5483,25675
16199,36069
16838,36696
16325,36187
18380,38203
10878,30947
7535,27694
15484,35368
3236,23443
7378,27547
9466,29590
4276,24472
13147,33120
7738,27882
7489,27654
8807,28935
7767,27911
16713,36573
10529,30644
4472,24666
8694,28819
11408,31457
14244,34174
15743,35623
15663,35545
14888,34796
10355,30474
7915,28059
14635,34550
1466,21680
15498,35382
11375,31424
3418,23627
14684,34596
14430,34348
10912,30981
18836,38655
7433,27600
18627,38448
6725,26905
1838,22051
9969,30082
9913,30030
10984,31049
6094,26284
15427,35305
18694,38514
15949,35827
11005,31070
16614,36477
4057,24266
6962,27135
21244,40106
3316,23524
3270,23481
9396,29520
16849,36707
7293,27464
1900,22113
13600,33577
2070,22284
9694,29817
14829,34738
12794,32796
16851,36709
11498,31543
11399,31448
16469,36332
2442,22653
10858,30927
3889,24099
6682,26863
17917,37750
12254,32286
6660,26840
6672,26853
14436,34354
4179,24382
14589,34505
4275,24471
4351,24546
12423,32442
7129,27300
14796,34706
6753,26933
4346,24539
1612,21826
3806,24018
6854,27032
16441,36304
8486,28616
15600,35482
11179,31243
16722,36582
17919,37752
11100,31164
2848,23053
9496,29620
12250,32282
12840,32841
8788,28914
6259,26439
4649,24845
12091,32135
12120,32162
14727,34640
6096,26286
21101,39966
16332,36194
7912,28056
15940,35818
12560,32576
18243,38068
7627,27782
15350,35227
13934,33885
12221,32257
6821,27001
12762,32766
2352,22565
14138,34077
7144,27315
5881,26074
16774,36634
8241,28379
14572,34491
12079,32123
16126,36001
8910,29035
21227,40089
1152,21346
14495,34412
2843,23049
13217,33191
15227,35113
10890,30959
10084,30198
12455,32472
9872,29991
2214,22426
18346,38171
9623,29745
2342,22554
15389,35267
5999,26193
4632,24828
15721,35601
9627,29749
11404,31453
1409,21624
4749,24943
14059,34003
14516,34433
12467,32484
13788,33766
14381,34301
16481,36344
12615,32632
4854,25046
2059,22273
6354,26534
10819,30887
11843,31889
13347,33322
14116,34055
9493,29617
10385,30500
8825,28952
7403,27572
18000,37833
10631,30748
8396,28528
9511,29633
13924,33877
1263,21471
1635,21849
8008,28148
7745,27889
16698,36558
14277,34205
7388,27557
16186,36058
2275,22485
11192,31252
15897,35775
2825,23032
10707,30806
3930,24139
4388,24583
15431,35309
11350,31402
2322,22533
11765,31810
6080,26270
15584,35466
14685,34597
9301,29425
16363,36226
7210,27381
12282,32312
6144,26335
7053,27224
12610,32627
11991,32037
7531,27690
3163,23366
7581,27738
4441,24634
5414,25606
3690,23906
15337,35213
11808,31853
16694,36554
4864,25056
15746,35626
15720,35600
7994,28134
6661,26841
13464,33440
9682,29805
3909,24119
15285,35161
16952,36812
6764,26944
15280,35157
7005,27176
3693,23909
8824,28951
14154,34093
1803,22016
11157,31219
2529,22738
15578,35460
12186,32226
14546,34464
1459,21672
15913,35791
10882,30951
10130,30244
9698,29821
14625,34540
7336,27507
16419,36282
4376,24571
4292,24486
10823,30891
8436,28568
13515,33491
19026,38840
16758,36618
12941,32941
10473,30590
2019,22232
3472,23684
7099,27270
7171,27341
4480,24674
12940,32940
15816,35696
15328,35204
16316,36180
6728,26908
16736,36596
6123,26313
10992,31057
4221,24419
10689,30788
16182,36054
15404,35282
4938,25130
11379,31428
15291,35167
11449,31497
9967,30080
12230,32266
1975,22189
15798,35678
15821,35701
4633,24829
10822,30890
14543,34461
18697,38517
14536,34453
12575,32594
21150,40015
14805,34714
12332,32356
6164,26355
13407,33382
16739,36599
16362,36225
4738,24932
11117,31179
9605,29727
8315,28451
2748,22955
11430,31479
15738,35618
10427,30543
2071,22285
4594,24791
4550,24742
5791,25984
6014,26208
2022,22235
13598,33575
15496,35380
12647,32660
2413,22624
1379,21593
10869,30938
3785,23997
11720,31765
9474,29598
3696,23912
16061,35939
12071,32115
6901,27080
15018,34935
7442,27609
3979,24188
13049,33020
4694,24890
11463,31508
2958,23164
14890,34798
9503,29627
15606,35488
7629,27784
17399,37239
9609,29731
10580,30695
3298,23508
18587,38408
14855,34762
18356,38181
18345,38170
7246,27419
9254,29378
3838,24048
14371,34291
9606,29728
4617,24813
11376,31425
10041,30154
8057,28195
1554,21766
21233,40095
12070,32114
2224,22435
2313,22522
7878,28022
7196,27367
14057,34001
2104,22318
16127,36002
15851,35729
1912,22125
1593,21807
2191,22403
10356,30475
7621,27776
14935,34849
5978,26172
9266,29390
12500,32517
12667,32680
8799,28926
3193,23398
9752,29873
1136,21327
1841,22054
7200,27371
18936,38751
15531,35413
11848,31894
15866,35744
6025,26219
6828,27008
9516,29638
18683,38503
4361,24556
11139,31201
3275,23485
12162,32202
2357,22570
17734,37574
1503,21717
8036,28176
10444,30560
4543,24735
3383,23592
13815,33793
6257,26437
16814,36672
13136,33110
4728,24922
18597,38418
10038,30151
3746,23960
11137,31199
14289,34217
1560,21772
4387,24582
10425,30541
2018,22231
4081,24290
17326,37166
3822,24034
7441,27608
13121,33096
7810,27954
15958,35836
13511,33487
14338,34261
12303,32331
12089,32133
18250,38075
16336,36198
3264,23475
8175,28313
4014,24223
13959,33907
1371,21585
12388,32406
7345,27516
10423,30539
4247,24443
9912,30029
7918,28062
2388,22601
17199,37053
2100,22314
9739,29862
9513,29635
8409,28541
10366,30483
6665,26845
4159,24365
7104,27275
10807,30875
13604,33581
8016,28156
3013,23216
6819,26999
12596,32615
15002,34919
16286,36152
15551,35433
7394,27563
1919,22132
11891,31937
1965,22179
10730,30829
18615,38436
3888,24098
15689,35569
14596,34512
15800,35680
7722,27868
15371,35249
18645,38467
10830,30898
8602,28731
4678,24874
2396,22607
10665,30774
13042,33016
13378,33353
7769,27913
12711,32716
1967,22181
10362,30479
9873,29992
7533,27692
14500,34417
3347,23555
11933,31979
13919,33872
2208,22420
10369,30486
12806,32808
7718,27864
1866,22078
12579,32598
12692,32699
15486,35370
17452,37292
4404,24600
8711,28836
10422,30538
10462,30578
9656,29779
2039,22253
3924,24133
12326,32350
2795,23002
13396,33371
12838,32839
10184,30299
12580,32599
8240,28378
6941,27116
16334,36196
1454,21667
18676,38496
12104,32148
18400,38223
7664,27817
2124,22336
6752,26932
2052,22266
21082,39947
6712,26892
17718,37558
7219,27391
3417,23626
16993,36853
6906,27085
6200,26384
10946,31013
4813,25005
13342,33317
11107,31171
13522,33498
4383,24578
7797,27941
1801,22014
1798,22011
17017,36873
12131,32173
14612,34529
1393,21607
21123,39988
9943,30056
15977,35855
6136,26327
11537,31582
12557,32573
16347,36209
7090,27261
11429,31478
15644,35526
2619,22828
7093,27264
4514,24706
2534,22743
13183,33157
13369,33344
7067,27238
14874,34781
9760,29881
13033,33007
12342,32366
6023,26217
16449,36312
1936,22149
8107,28245
8625,28752
5785,25978
13375,33350
13962,33910
6726,26906
3018,23221
7973,28113
6927,27102
9812,29933
18383,38206
16648,36509
11858,31904
7754,27898
8791,28919
8111,28249
6844,27024
3141,23344
12494,32511
18534,38355
10947,31014
16333,36195
6820,27000
2372,22585
1764,21979
9512,29634
18635,38456
14602,34518
17320,37160
6983,27156
7674,27825
18584,38405
7013,27184
17623,37463
2423,22634
10387,30502
10839,30907
5540,25732
12538,32554
5726,25918
4339,24532
18993,38809
7039,27210
5578,25770
14181,34119
7264,27436
1155,21349
14936,34850
7506,27669
7174,27344
4606,24801
8645,28770
7260,27432
5210,25402
4848,25040
14308,34236
4286,24480
11816,31861
13916,33869
9211,29335
6263,26443
11060,31125
7300,27471
8375,28509
8032,28172
2353,22566
1777,21990
4699,24895
15678,35558
10898,30967
18320,38145
1720,21934
2206,22418
10121,30235
3816,24028
6864,27042
11866,31912
4172,24378
8458,28588
18910,38727
6900,27078
9711,29834
8564,28691
7532,27691
12736,32741
8064,28202
16350,36212
7229,27401
7462,27629
9907,30024
14139,34078
3259,23469
12206,32242
9633,29755
16415,36278
8076,28214
9370,29494
14578,34496
2762,22969
14068,34013
13468,33444
8208,28346
9798,29919
15667,35547
2930,23136
15354,35231
10594,30709
14802,34711
21275,40137
7278,27450
10099,30213
16834,36692
15576,35458
9666,29789
6679,26860
11346,31398
13923,33876
7314,27485
16319,36183
15810,35690
12187,32227
10382,30497
13235,33210
16776,36636
12429,32448
15559,35441
6462,26642
3081,23287
12361,32381
11029,31094
3740,23956
14909,34818
12544,32560
2295,22504
14549,34467
14841,34750
15624,35506
11269,31323
5410,25602
9734,29857
4526,24718
16470,36333
12412,32431
13530,33507
3325,23533
12955,32955
15493,35377
1920,22133
6859,27037
16994,36854
15340,35217
8367,28501
4165,24371
9620,29742
17543,37383
17130,36986
6005,26199
14886,34793
13877,33836
10938,31007
1427,21644
12066,32110
21229,40091
3396,23605
11857,31903
15035,34952
9592,29714
4457,24651
5975,26169
11489,31534
18845,38664
6899,27077
1996,22211
18321,38146
7096,27267
1818,22031
17578,37418
13362,33337
8237,28375
10589,30704
7201,27372
13782,33762
12631,32648
8318,28454
12475,32492
1791,22004
8698,28823
4422,24618
16404,36267
12030,32076
8681,28804
7179,27349
8027,28167
4355,24550
4307,24499
10941,31010
1274,21482
2823,23030
12127,32169
2176,22388
14564,34483
14375,34295
14946,34861
2914,23119
7971,28111
2329,22542
2376,22589
15298,35174
9983,30096
1598,21812
8712,28837
9514,29636
16997,36857
15171,35069
15752,35632
2978,23184
5611,25803
14334,34260
14374,34294
12313,32339
12193,32233
15756,35636
10067,30180
16425,36288
9517,29639
11861,31907
12364,32384
7823,27967
18360,38185
11232,31292
12299,32327
3733,23949
16709,36569
4660,24856
16775,36635
18957,38772
15177,35072
3713,23929
4828,25020
17451,37291
16500,36363
2542,22751
3329,23537
3426,23636
2779,22986
13455,33431
15680,35560
4698,24894
7875,28019
4226,24424
9910,30027
3083,23289
13174,33148
10900,30969
6939,27114
10711,30810
4580,24776
8251,28389
1527,21739
12014,32060
7725,27871
4826,25018
12308,32336
6091,26281
12347,32369
18272,38097
7671,27822
12150,32190
14225,34155
18351,38176
12132,32174
15603,35485
14230,34160
10815,30883
11455,31501
12517,32533
2796,23003
19021,38835
7453,27620
6304,26483
9338,29462
3763,23977
2058,22272
7604,27759
5512,25704
15741,35621
15030,34947
7162,27332
14910,34820
9590,29712
13910,33863
8003,28143
3130,23335
3821,24033
8009,28149
7393,27562
14342,34264
6226,26406
6024,26218
11421,31470
17624,37464
13257,33232
3849,24059
15933,35811
6862,27040
21177,40041
16501,36364
12244,32278
4401,24597
7602,27757
17922,37755
12470,32487
10803,30871
14241,34171
18402,38225
13029,33003
1906,22119
2332,22546
12087,32131
8662,28785
17346,37186
15602,35484
9880,29997
10918,30987
7164,27334
2010,22223
9683,29806
2891,23096
7601,27756
2399,22610
2501,22712
12565,32584
18977,38792
10821,30889
15892,35770
4753,24947
1909,22122
16183,36055
15734,35614
15501,35385
11512,31557
1842,22055
7132,27303
2196,22408
1729,21944
18585,38406
16822,36680
12520,32536
1690,21904
12077,32121
4312,24504
14615,34532
12418,32437
16727,36587
4536,24728
7298,27469
12438,32457
15705,35585
1281,21489
7527,27686
3685,23900
16723,36583
7245,27417
4377,24572
12584,32603
18767,38588
8760,28885
9937,30052
13668,33646
3755,23969
1737,21952
5302,25494
11925,31971
18289,38114
10327,30442
1821,22034
4370,24563
12779,32783
13900,33855
18399,38222
11120,31182
15635,35517
12723,32728
13167,33141
14816,34725
7513,27674
17138,36994
8216,28354
18631,38452
4571,24764
4451,24645
3698,23914
12309,32337
2846,23051
11121,31183
16068,35946
9681,29804
15627,35509
15869,35747
16798,36656
16459,36322
13358,33333
16229,36097
17852,37690
6837,27017
7610,27765
12341,32365
8106,28244
7705,27853
7997,28137
16728,36588
1927,22140
16216,36084
8605,28734
16399,36262
18251,38076
15589,35471
1844,22057
14548,34466
9756,29877
15970,35848
13403,33378
17891,37724
2414,22625
9955,30068
6974,27147
15700,35580
15347,35224
3871,24081
11394,31443
3184,23389
8457,28587
4439,24632
9479,29603
11010,31075
8110,28248
12651,32664
6112,26303
9724,29847
7451,27618
1253,21457
16787,36647
7369,27538
9269,29393
1302,21513
1304,21515
15249,35133
8372,28506
2552,22761
8062,28200
1268,21476
10646,30761
17053,36909
10340,30455
11810,31855
15758,35638
15290,35166
1555,21767
11101,31165
8713,28838
14682,34594
15701,35581
16220,36088
8294,28432
12935,32935
17365,37205
10420,30536
6993,27164
8280,28418
3088,23296
4052,24261
14276,34204
8829,28956
8025,28165
13458,33434
9209,29333
2818,23025
8288,28426
18651,38473
1309,21520
13108,33084
13909,33862
16665,36526
14714,34627
14508,34425
7816,27960
3754,23968
2015,22228
1422,21638
8421,28553
2430,22641
16671,36532
10999,31064
18078,37909
18890,38707
13144,33117
4556,24748
17136,36992
13248,33223
13385,33360
6335,26514
15503,35387
9306,29430
3454,23667
18857,38674
5309,25501
2746,22953
16023,35901
11419,31468
13596,33573
18347,38172
4224,24422
8071,28209
3884,24094
1267,21475
14639,34554
8666,28789
8634,28759
17194,37048
2878,23083
2189,22401
12333,32357
9436,29560
11359,31411
8561,28688
3188,23393
12797,32799
17351,37191
4752,24946
1167,21367
14838,34747
2412,22623
3276,23486
4060,24269
10365,30482
16390,36253
6176,26367
6684,26865
10339,30454
4218,24416
7274,27446
7112,27283
3308,23516
7624,27779
5846,26039
6681,26862
12833,32834
15836,35716
12616,32633
14150,34089
14767,34676
7579,27736
6362,26542
12094,32138
8355,28489
8837,28964
13416,33391
17270,37124
15517,35399
5818,26011
12373,32393
17779,37619
10919,30988
1346,21560
15300,35176
3817,24029
15636,35518
11357,31409
12826,32829
5343,25535
12522,32538
3677,23890
12314,32340
2651,22860
2742,22949
9251,29375
4626,24822
9852,29971
12627,32644
11129,31191
11001,31066
2418,22629
9337,29461
2415,22626
3960,24169
4936,25128
7357,27528
7153,27322
13853,33821
1467,21681
4727,24921
3079,23285
9799,29920
6695,26874
12220,32256
18644,38466
4719,24911
1528,21740
18605,38426
9971,30084
7573,27730
12107,32151
7470,27637
8795,28921
18706,38527
7928,28072
11804,31849
14927,34839
13837,33813
13951,33899
6057,26251
3932,24141
2819,23026
10916,30985
10364,30481
2175,22387
12297,32325
7088,27259
17289,37143
15237,35123
18707,38528
16037,35915
3680,23894
12681,32688
16797,36655
14512,34429
7813,27957
2562,22771
16285,36151
1990,22204
7883,28027
21128,39993
10405,30520
13182,33156
7988,28128
11436,31485
12080,32124
2939,23145
2643,22852
3157,23360
2240,22451
11957,32003
6708,26888
14842,34751
10934,31003
6219,26398
12336,32360
7295,27466
17901,37734
16820,36678
3881,24091
16450,36313
7161,27331
14209,34141
11133,31195
10655,30770
9842,29961
14566,34485
9809,29930
14681,34593
16669,36530
6860,27038
2334,22548
10718,30817
11850,31896
9891,30008
16987,36847
11521,31566
13925,33878
16516,36379
12598,32617
2764,22971
13908,33861
12516,32532
12367,32387
2574,22783
10720,30819
7376,27545
12219,32255
9856,29975
9838,29957
15971,35849
3317,23525
12172,32212
14693,34606
7237,27409
13254,33229
15988,35866
6662,26842
6271,26450
21085,39950
14267,34195
15761,35641
4415,24611
13352,33327
14347,34269
15951,35829
14751,34663
3783,23995
18275,38100
10838,30906
14480,34397
2167,22379
4365,24560
18354,38179
5977,26171
7477,27642
12321,32347
11502,31547
16991,36851
14624,34539
5993,26186
9658,29781
14214,34147
15005,34922
3180,23385
1312,21524
12428,32447
13906,33859
1868,22080
11222,31282
6928,27103
15901,35779
3255,23464
18718,38539
6408,26588
10127,30241
7190,27361
3972,24181
2383,22596
11018,31083
7956,28098
9861,29980
6101,26291
14301,34229
12158,32198
14423,34341
7284,27457
9982,30095
4231,24429
9885,30002
11541,31586
7318,27489
2094,22308
8006,28146
3452,23665
18035,37866
9740,29863
16184,36056
16351,36213
1374,21588
1349,21563
8736,28861
4072,24281
17344,37184
2709,22916
7458,27625
7156,27326
9181,29305
9630,29752
5937,26130
3169,23373
12555,32571
13370,33345
4677,24873
2896,23101
5909,26102
7914,28058
14628,34543
21136,40001
7385,27554
8220,28358
3845,24055
12380,32398
11112,31176
10602,30718
12743,32749
4350,24545
11193,31253
5996,26190
11443,31490
6966,27139
7854,27998
14452,34371
3210,23416
16326,36188
7685,27836
14102,34042
8281,28419
2193,22405
14361,34283
9941,30054
14530,34447
18849,38668
14272,34200
7187,27358
10799,30867
6878,27056
2723,22930
10083,30197
10393,30508
3766,23980
9588,29710
18916,38733
13960,33908
16176,36048
14477,34394
13173,33147
16461,36324
6746,26926
12147,32187
17400,37240
6310,26489
2528,22737
3701,23917
8068,28206
1903,22116
12392,32410
1986,22200
7596,27751
11547,31592
2379,22592
4846,25038
13176,33150
15735,35615
10073,30186
11230,31290
14117,34056
17860,37698
2459,22670
13885,33842
7338,27509
13360,33335
7118,27289
12477,32494
9675,29798
7516,27677
3413,23622
12039,32085
4265,24461
11270,31324
15016,34933
10663,30772
13836,33812
16989,36849
6989,27160
21224,40086
5074,25266
9515,29637
7788,27932
8833,28960
21239,40101
7521,27680
16386,36249
14213,34146
2862,23067
18650,38472
15876,35754
15320,35196
12729,32734
1595,21809
6936,27111
3865,24075
3484,23697
13371,33346
14553,34472
2410,22621
14460,34379
4478,24672
16112,35987
13408,33383
9478,29602
8231,28369
9767,29888
4560,24752
9621,29743
2035,22249
9659,29782
4758,24952
1847,22060
7815,27959
18696,38516
18874,38691
18316,38141
9898,30015
7981,28121
17374,37214
13105,33079
7407,27576
7844,27988
19038,38848
10474,30591
7589,27744
12944,32944
16747,36607
2350,22562
6298,26477
15238,35124
4375,24569
6892,27070
3414,23623
10351,30466
13116,33090
18403,38226
4477,24671
15563,35445
6958,27131
2155,22367
16771,36631
8677,28800
10717,30816
18246,38071
11549,31594
2173,22385
14048,33991
10394,30509
18309,38134
4161,24367
13268,33243
14510,34427
11944,31990
4740,24934
2984,23191
12767,32771
15558,35440
16179,36051
4705,24899
7555,27712
7786,27930
13376,33351
18013,37844
8789,28917
15757,35637
5908,26101
10068,30181
10058,30171
14094,34037
2338,22550
14777,34686
5306,25498
11096,31162
6896,27074
12064,32108
7805,27949
15229,35115
12168,32208
3353,23561
4725,24919
1413,21629
7299,27470
4033,24242
13381,33356
10828,30896
3078,23284
7058,27229
2333,22547
18600,38421
15612,35494
10973,31038
4482,24676
15862,35740
7827,27971
16554,36417
3851,24061
17958,37791
3158,23361
2308,22517
17719,37559
15391,35269
18006,37839
7726,27872
3918,24128
12760,32764
10009,30122
8239,28377
14835,34744
8639,28764
14550,34468
2942,23148
1345,21559
7695,27846
15968,35846
10808,30876
14938,34852
16206,36076
15346,35223
13920,33873
1771,21984
9234,29358
13150,33124
6706,26886
3039,23243
10014,30127
14368,34288
13904,33857
6131,26322
8065,28203
1837,22050
1806,22019
14907,34816
2256,22466
21160,40025
15010,34927
12289,32319
11809,31854
16714,36574
6835,27015
8249,28387
6881,27059
4362,24557
7969,28109
4583,24779
6718,26898
7277,27449
2165,22377
4910,25102
16479,36342
2416,22627
6367,26547
10097,30211
6888,27066
5793,25986
13810,33788
14360,34282
7598,27753
3119,23325
6470,26650
11761,31806
7976,28116
6288,26467
11896,31942
7860,28004
9230,29354
16691,36551
14474,34391
4530,24722
7004,27175
18669,38489
15609,35491
13911,33864
3049,23253
4068,24277
12731,32736
4718,24910
12371,32391
9944,30057
10963,31028
2513,22724
11000,31065
18622,38443
9936,30051
15770,35650
3031,23234
15722,35602
2509,22720
19019,38833
15987,35865
1285,21495
15323,35199
10348,30463
11423,31472
17341,37181
16757,36617
9773,29894
8798,28925
3945,24154
16230,36098
17299,37151
16647,36508
2852,23057
3856,24066
9914,30031
16456,36319
12276,32306
11969,32015
16099,35974
19020,38834
9906,30023
15455,35339
1726,21940
4710,24904
14880,34787
6801,26981
18986,38801
11880,31926
2395,22606
4236,24434
13602,33579
15630,35512
18042,37873
11155,31217
8460,28590
11518,31563
5298,25490
9923,30038
15545,35427
10428,30544
18657,38477
2103,22317
4385,24580
5545,25737
4476,24670
7846,27990
14503,34420
8320,28456
11751,31796
7909,28053
4230,24428
9978,30091
7249,27423
7568,27725
3846,24056
8657,28782
2853,23058
14940,34854
8880,29005
9832,29951
19027,38841
18241,38066
18324,38149
14176,34114
10581,30696
1948,22162
9964,30077
1985,22199
7665,27818
14917,34828
12469,32486
4683,24879
3681,23895
7488,27653
21173,40036
14862,34769
14607,34524
16295,36159
3990,24199
14435,34353
18608,38429
2824,23031
9628,29750
4398,24594
2409,22620
15781,35661
4078,24287
7911,28055
15695,35575
7829,27973
16901,36759
15845,35723
11900,31946
1942,22156
10979,31044
4655,24851
2162,22374
7418,27587
6054,26248
10008,30121
15849,35727
7380,27549
1721,21935
1727,21941
8270,28408
11387,31436
6809,26989
17278,37132
6766,26946
12591,32610
6299,26478
12253,32285
15293,35169
8042,28182
16403,36266
12778,32782
12433,32452
13447,33423
1423,21639
8267,28405
3910,24120
9405,29529
14894,34802
2875,23080
2420,22631
4031,24240
12501,32518
3077,23283
14161,34101
12852,32853
3017,23220
7616,27771
3887,24097
12119,32161
4662,24858
12530,32546
16537,36400
11500,31545
1266,21474
15669,35549
9874,29993
10891,30960
15428,35306
7351,27522
1991,22205
14088,34031
9482,29606
10481,30596
15664,35546
19017,38831
17705,37545
6940,27115
2346,22558
14490,34407
14981,34897
9786,29907
11228,31288
4102,24309
13666,33644
13280,33255
17267,37121
9758,29879
13436,33412
16579,36442
3114,23322
21237,40099
7864,28008
12110,32154
14492,34409
2087,22301
14509,34426
12340,32364
10040,30153
13057,33028
16427,36290
17397,37237
15036,34953
2856,23061
12038,32084
2678,22885
9622,29744
7984,28124
11173,31236
15044,34959
16941,36799
2312,22521
5212,25404
7275,27447
11187,31249
8105,28243
15918,35796
19007,38821
21222,40084
15460,35344
16262,36130
3054,23258
16816,36674
9261,29385
11962,32008
2913,23118
9828,29947
8803,28931
3209,23415
12366,32386
9988,30101
3739,23955
15359,35237
15864,35742
10075,30188
16573,36436
15613,35495
9911,30028
14839,34748
4819,25011
16528,36391
14130,34069
1609,21823
14471,34388
3836,24046
3256,23465
8370,28504
1685,21899
18315,38140
4413,24609
10642,30757
4363,24558
4471,24665
6166,26357
15895,35773
7059,27230
4731,24925
2107,22321
11727,31772
2503,22714
4444,24637
8924,29047
15430,35308
4736,24930
7811,27955
13186,33160
18030,37861
9781,29902
16717,36577
2473,22684
9808,29929
6849,27029
16593,36456
2956,23162
12803,32805
13184,33158
10683,30782
3936,24145
7794,27938
12464,32481
17006,36864
16228,36096
7841,27985
12086,32130
13002,32986
14527,34444
14215,34148
11737,31782
6068,26260
2040,22254
11497,31542
11503,31548
9640,29762
12865,32864
12264,32296
14085,34028
17915,37748
7352,27523
2261,22471
9228,29352
11108,31172
2531,22740
15383,35261
15450,35334
9608,29730
12653,32666
14163,34103
6818,26998
10424,30540
2424,22635
15318,35194
14944,34859
14674,34586
12363,32383
16401,36264
8289,28427
9255,29379
4314,24506
14634,34549
16358,36221
7480,27645
12189,32229
11110,31174
2724,22931
10471,30588
12369,32389
8670,28793
2681,22888
4405,24601
12472,32489
8324,28460
9968,30081
1813,22026
17243,37097
7002,27173
2983,23190
13950,33898
8233,28371
15562,35444
2687,22894
2962,23168
18942,38757
7198,27369
11769,31814
10714,30812
2999,23202
4287,24481
15422,35300
7157,27327
11396,31445
16819,36677
15534,35416
14979,34895
7208,27379
6884,27062
2252,22462
15690,35570
2710,22917
6083,26273
9523,29645
9580,29702
3178,23383
8774,28899
16356,36218
7086,27257
2036,22250
13518,33494
9635,29757
7471,27638
2907,23112
12202,32240
14356,34278
10062,30175
16011,35889
7757,27901
7012,27183
12419,32438
13913,33866
18350,38175
7578,27735
7242,27414
17713,37553
19005,38819
16738,36598
7806,27950
3321,23529
11058,31123
18905,38722
4216,24414
15852,35730
17870,37708
7095,27266
15927,35805
18992,38808
15363,35242
18624,38445
2009,22222
11165,31228
2257,22467
3428,23638
13287,33262
6935,27110
4829,25021
6724,26904
12939,32939
3318,23526
2666,22873
18003,37836
8566,28695
18690,38510
9252,29376
17622,37462
16217,36085
8394,28526
12031,32077
6721,26901
6715,26895
1519,21731
18925,38740
18821,38640
9950,30063
7166,27336
9987,30100
13890,33847
10016,30129
4207,24405
13665,33643
8785,28909
8051,28189
18913,38730
12241,32275
1862,22074
7888,28033
7572,27729
18019,37850
18262,38087
7789,27933
15086,34998
2246,22456
2927,23132
16405,36268
3245,23453
21104,39969
10402,30517
15244,35130
7801,27945
2790,22997
9245,29369
3132,23337
17333,37173
12155,32195
13422,33398
13131,33104
14174,34112
13185,33159
6691,26870
14705,34620
6055,26249
21148,40013
1853,22064
3032,23235
12682,32689
10817,30885
10459,30575
10640,30755
7910,28054
15585,35467
16051,35929
9948,30061
18001,37834
2341,22553
2630,22839
12608,32625
5697,25889
4630,24826
8443,28575
12148,32188
10396,30511
8402,28534
5800,25992
1284,21494
13430,33406
1288,21498
11385,31434
1440,21655
7798,27942
3892,24102
7871,28015
3309,23517
1294,21504
15881,35759
15032,34949
12829,32832
1504,21718
2020,22233
16234,36102
1734,21949
11382,31431
3003,23206
14292,34220
9814,29935
3175,23380
1907,22120
7159,27329
3913,24123
17893,37726
7651,27804
18034,37865
3802,24014
5877,26070
17635,37475
18705,38526
13399,33374
17993,37826
14887,34795
13469,33445
1770,21983
9586,29708
1800,22013
9404,29528
13101,33074
10417,30532
10550,30665
10186,30301
15885,35763
3048,23252
14762,34671
14427,34345
1957,22171
14078,34021
14458,34377
15785,35665
7593,27748
1450,21663
10435,30551
12385,32403
12539,32555
7862,28006
9966,30079
16057,35935
1537,21749
15310,35186
10406,30521
9246,29370
12646,32659
9256,29380
18341,38166
14821,34730
4934,25126
7511,27672
10371,30488
14629,34544
12411,32429
14932,34846
21138,40003
7582,27739
12849,32850
15406,35284
2150,22362
1823,22036
16074,35950
13168,33142
18327,38152
13129,33102
15640,35522
10132,30246
16630,36493
11089,31154
2937,23143
16452,36315
6932,27107
10144,30258
17131,36987
12404,32422
7886,28030
17733,37573
18041,37872
5939,26132
1343,21556
2940,23146
12932,32932
11903,31949
21166,40032
8244,28382
9819,29938
16389,36252
15490,35374
1995,22209
11272,31326
2363,22576
10945,31012
18329,38154
2221,22432
16734,36594
5101,25293
8705,28830
7646,27799
3400,23609
11782,31827
10120,30234
15583,35465
8442,28574
8563,28690
1426,21643
14974,34891
1934,22147
13250,33225
16555,36418
17921,37754
10935,31004
17855,37693
8669,28792
16021,35899
18282,38107
8423,28555
6970,27143
4390,24585
2153,22365
14954,34870
14995,34912
8620,28747
16232,36100
8691,28815
8557,28684
7322,27493
14632,34547
3781,23993
4935,25127
10085,30199
12218,32254
16430,36293
9398,29522
10681,30779
16372,36235
18024,37855
6702,26882
14043,33986
12084,32128
4531,24723
4553,24745
2243,22454
16298,36162
15648,35530
4926,25118
21127,39992
12348,32370
3072,23278
13031,33005
3998,24207
8398,28530
1898,22111
3037,23241
13801,33779
4219,24417
3691,23907
4598,24795
18708,38529
12603,32622
7941,28085
1961,22175
8597,28726
5974,26168
18926,38741
15777,35657
2814,23021
1475,21689
10372,30489
17353,37193
17377,37217
14688,34600
14642,34557
7903,28049
8234,28372
6157,26350
4921,25113
3257,23467
1510,21724
12409,32427
16531,36394
15394,35272
18377,38200
16437,36300
11434,31483
10013,30126
9262,29386
4164,24370
13891,33848
2146,22358
14052,33995
3330,23538
2397,22608
13138,33112
11059,31124
15481,35365
8298,28436
12497,32514
9655,29778
18978,38793
15410,35288
14800,34709
17777,37617
17258,37112
8596,28725
14111,34050
12712,32717
4245,24441
18602,38423
12933,32933
3001,23204
18343,38168
21226,40088
3042,23246
8562,28689
14355,34277
14670,34582
3262,23473
10042,30155
17703,37543
14119,34058
13420,33396
13149,33122
15828,35708
7992,28132
8404,28536
3758,23972
3442,23653
1435,21650
6453,26633
9871,29990
10706,30805
11402,31451
9994,30107
18306,38131
18633,38454
1535,21747
18886,38703
16799,36657
1769,21982
14095,34038
8102,28240
11954,32000
12507,32524
9494,29618
14792,34702
15033,34950
14994,34911
12054,32098
2043,22257
5991,26184
17379,37219
15341,35218
12283,32313
11428,31477
4466,24660
1831,22044
3319,23527
16409,36272
9597,29719
1606,21820
10384,30499
6145,26336
13286,33261
6141,26332
7248,27422
1814,22027
1616,21830
1514,21728
7562,27719
14326,34252
14920,34832
18302,38127
7561,27718
7580,27737
6663,26843
4703,24897
9688,29811
6811,26991
14051,33994
16944,36802
16281,36147
7481,27646
8707,28832
12548,32566
9587,29709
16492,36355
4687,24883
16943,36801
14311,34239
15473,35357
1415,21631
14949,34865
7262,27434
14915,34826
6010,26204
12142,32182
3704,23920
1308,21519
6006,26200
3311,23519
14832,34741
3327,23535
1825,22038
16737,36597
2900,23105
1133,21324
10885,30954
1461,21675
14701,34616
7690,27841
17863,37701
3478,23690
7265,27437
10877,30946
8056,28194
6919,27096
2697,22904
16081,35957
8913,29038
12414,32433
15837,35717
7724,27870
15807,35687
12842,32843
7740,27884
8693,28818
1271,21479
1597,21811
14856,34763
10705,30804
3272,23483
2831,23037
8144,28282
12817,32819
7615,27770
13603,33580
13827,33803
18015,37846
16261,36129
2078,22292
13866,33827
7360,27531
5574,25766
13892,33849
18032,37863
1363,21577
10554,30669
2968,23174
12216,32252
14538,34456
17336,37176
15271,35151
14686,34598
14951,34867
7807,27951
18292,38117
15591,35473
2673,22880
5965,26158
18937,38752
9806,29927
15400,35278
16223,36091
2749,22956
6315,26494
8923,29046
16900,36758
12566,32585
17359,37199
16367,36230
14922,34834
1538,21750
16629,36492
21238,40100
11524,31569
6690,26869
16205,36075
5665,25857
18303,38128
14748,34660
21252,40114
8428,28560
14391,34311
15358,35236
3749,23963
13374,33349
12973,32973
7370,27539
7478,27643
1275,21483
7290,27461
10151,30265
2557,22766
15842,35720
7257,27429
14373,34293
6026,26220
16553,36416
9625,29747
12640,32655
17142,36998
3912,24122
8296,28434
11924,31970
9631,29753
8758,28883
21159,40024
2233,22444
18357,38182
2427,22638
11777,31822
11003,31068
2979,23185
4849,25041
15268,35149
8648,28773
13662,33640
2468,22679
4055,24264
4653,24849
17696,37536
14891,34799
7107,27278
15522,35404
3975,24184
12450,32467
4089,24298
14968,34884
15421,35299
9833,29952
12942,32942
15057,34969
8410,28542
9826,29945
8339,28475
7654,27807
3222,23429
10102,30216
18702,38523
15492,35376
4565,24757
3026,23229
15905,35783
15904,35782
4661,24857
13112,33086
6694,26873
2841,23047
6150,26342
8414,28546
16950,36810
10416,30531
4006,24215
3702,23918
3962,24171
3859,24069
14957,34873
1310,21521
2062,22276
6104,26294
7762,27906
18922,38737
19023,38837
3842,24052
2076,22290
4274,24470
7435,27602
3410,23619
16752,36612
12471,32488
7449,27616
16091,35966
15022,34939
1479,21693
2735,22942
7848,27992
1561,21773
4549,24741
3777,23989
12604,32623
4842,25034
16836,36694
6677,26858
18671,38491
15333,35209
7021,27192
7557,27714
4527,24719
17283,37137
12827,32830
13398,33373
10392,30507
11371,31420
6869,27047
11314,31368
1446,21659
6683,26864
11476,31521
6883,27061
2543,22752
15610,35492
18897,38714
7737,27881
2147,22359
2712,22919
13359,33334
10936,31005
12546,32562
17894,37727
16801,36659
18031,37862
13367,33342
7015,27186
3980,24189
2499,22710
18245,38070
15235,35121
17654,37494
18008,37841
7749,27893
12157,32197
6902,27081
9497,29621
9962,30075
14491,34408
8796,28922
10160,30275
4895,25087
18940,38755
15405,35283
7006,27177
14191,34126
10729,30828
8224,28362
14101,34041
13060,33031
16769,36629
14987,34904
13943,33891
15677,35557
4308,24500
4618,24814
4555,24747
1562,21774
7898,28044
3436,23647
12537,32553
16020,35898
10002,30115
3334,23542
18670,38490
4448,24642
14963,34879
2686,22893
11774,31819
4044,24253
4215,24413
2550,22759
7288,27459
2421,22632
11886,31932
3064,23270
2899,23104
14329,34255
2494,22705
14568,34487
12717,32722
15566,35448
9464,29588
4447,24641
17885,37719
9652,29775
9329,29453
3237,23444
16388,36251
13932,33883
17291,37145
7114,27285
9480,29604
16556,36419
7326,27497
14131,34070
1392,21606
17848,37686
5572,25764
7084,27255
1557,21769
16368,36231
12188,32228
10074,30187
3453,23666
15962,35840
12121,32163
14167,34107
3021,23224
7558,27715
14926,34838
1582,21796
7225,27397
17455,37295
8022,28162
2559,22768
4751,24945
16929,36787
16693,36553
13245,33220
7381,27550
13875,33834
16595,36458
15352,35229
13380,33355
13261,33236
6207,26388
6831,27011
16730,36590
13400,33375
17661,37501
12704,32709
8053,28191
17391,37231
10050,30163
14425,34343
14611,34528
16495,36358
16571,36434
16514,36377
9731,29854
10874,30943
7932,28076
10884,30953
18935,38750
2777,22984
21180,40044
13284,33259
11523,31568
15050,34963
8630,28755
1917,22130
3784,23996
4893,25085
12846,32847
11461,31506
9738,29861
11733,31778
16679,36540
16930,36788
7066,27237
3398,23607
2047,22261
13473,33449
17464,37304
11543,31588
7476,27641
7184,27355
11008,31073
1618,21832
4090,24299
21221,40083
21170,40034
7279,27451
7781,27925
14251,34179
3030,23233
12949,32949
10035,30148
6256,26436
13876,33835
11241,31301
6265,26445
1495,21708
7660,27813
3761,23975
6061,26253
16753,36613
14064,34009
16254,36122
12405,32423
8369,28503
12594,32613
12318,32344
3863,24073
6356,26536
10118,30232
12740,32745
7402,27571
16203,36073
17638,37478
1586,21800
11754,31799
15007,34924
2291,22500
11487,31532
15875,35753
6076,26268
10468,30585
18340,38165
8828,28955
2560,22769
21265,40127
15723,35603
2705,22912
1819,22032
10805,30873
18976,38791
9335,29459
17879,37715
10530,30645
10965,31030
3718,23934
3460,23671
10508,30623
3855,24065
1482,21697
8279,28417
18260,38085
16812,36670
6923,27100
7070,27241
10607,30723
17147,37003
6456,26636
9305,29429
4473,24667
12053,32097
8595,28724
17180,37034
2324,22536
7820,27964
4273,24469
8034,28174
7626,27781
5755,25947
15769,35649
8084,28222
2497,22708
4534,24726
15549,35431
3260,23471
7787,27931
15381,35259
16658,36519
14741,34653
1626,21840
12636,32653
15882,35760
5373,25565
14266,34194
3006,23209
6921,27098
14966,34882
2734,22941
7238,27410
18703,38524
10116,30230
18619,38440
2171,22383
16218,36086
14758,34667
4091,24300
7282,27454
15283,35159
15739,35619
14823,34732
17725,37565
1295,21505
10124,30238
12099,32143
18027,37858
8352,28486
2493,22704
15920,35798
9435,29559
12223,32259
9591,29713
4681,24877
7307,27478
12232,32268
11784,31829
13870,33829
6012,26206
5873,26066
1165,21365
4855,25047
11437,31486
18596,38417
18833,38652
3429,23639
1809,22022
2284,22493
15822,35702
14870,34777
16475,36338
16490,36353
11821,31866
7019,27190
14644,34559
21125,39990
5995,26189
11169,31232
3700,23916
1728,21943
9883,30000
10875,30944
16373,36236
16371,36234
12609,32626
3446,23659
7835,27979
7297,27468
14815,34724
14243,34173
16919,36777
2893,23098
2667,22874
17780,37620
17135,36991
2116,22328
4914,25106
21092,39957
8412,28544
1513,21727
2829,23035
8675,28798
18855,38672
13402,33377
15817,35697
14531,34448
3174,23379
10572,30687
10855,30924
1129,21320
17907,37740
1836,22049
2851,23056
1615,21829
11758,31803
18652,38474
15714,35594
14656,34570
2216,22427
16272,36138
12181,32221
4897,25089
14889,34797
4209,24407
11968,32014
18268,38093
13965,33911
7366,27535
14148,34087
6300,26479
16688,36548
10391,30506
6968,27141
10693,30792
9215,29339
12634,32651
3796,24008
18447,38268
18817,38636
7316,27487
7668,27819
9953,30066
6172,26363
7895,28041
16920,36778
21075,39940
4382,24577
10147,30261
4279,24475
15993,35871
7328,27499
12808,32810
10811,30879
9610,29732
16615,36478
17145,37001
11495,31540
10336,30451
3176,23381
13188,33162
18944,38759
15733,35613
13667,33645
2331,22545
14455,34374
4535,24727
16510,36373
11255,31313
2231,22442
2227,22438
5579,25771
16731,36591
14603,34519
8382,28516
14437,34355
7650,27803
3801,24013
18330,38155
2801,23008
16646,36507
15593,35475
11522,31567
13140,33114
15615,35497
9662,29785
9677,29800
13357,33332
14934,34848
15362,35241
16026,35904
9805,29926
18233,38062
12540,32556
16744,36604
3036,23240
2201,22413
2267,22477
12263,32295
7143,27314
7409,27578
12853,32854
4522,24714
9961,30074
15469,35353
21223,40085
18837,38656
4264,24460
16986,36846
15772,35652
7663,27816
9312,29436
17271,37125
4578,24774
13152,33126
1774,21987
13391,33366
13517,33493
14643,34558
18413,38234
3837,24047
14989,34906
15660,35542
9908,30025
15288,35164
8227,28365
8254,28392
4063,24272
6307,26486
1772,21985
3224,23431
1628,21842
16726,36586
9991,30104
4341,24534
5375,25567
7983,28123
16809,36667
4730,24924
14778,34687
16180,36052
11499,31544
16412,36275
12763,32767
1141,21332
14396,34316
15448,35332
13246,33221
10342,30457
9877,29996
6965,27138
3062,23268
7266,27438
14904,34813
16552,36415
15344,35221
12413,32432
8797,28923
2435,22646
11828,31874
16059,35937
15214,35105
3356,23564
12485,32502
14884,34791
3473,23685
8821,28948
15967,35845
18851,38670
13285,33260
12306,32334
10914,30983
8028,28168
1172,21376
12073,32117
12179,32219
16069,35947
11905,31951
2326,22538
4450,24644
2839,23045
1622,21836
9495,29619
3147,23350
18336,38161
15026,34943
16701,36561
11024,31089
13229,33203
14605,34522
3187,23392
15239,35125
6713,26893
11015,31080
4754,24948
3894,24104
1508,21722
16829,36687
6224,26404
16277,36143
15861,35739
8038,28178
17841,37679
5486,25678
2060,22274
13219,33193
9232,29356
3041,23245
7662,27815
4596,24793
12199,32237
2384,22597
7894,28040
14349,34271
18595,38416
7804,27948
7564,27721
11811,31856
3957,24166
13459,33435
11391,31440
3035,23238
6754,26934
3412,23621
13411,33386
1291,21501
12669,32682
15228,35114
11795,31840
1905,22118
13125,33100
14253,34181
10404,30519
14848,34757
12072,32116
6701,26881
8277,28415
2061,22275
4343,24536
11949,31995
6676,26857
7746,27890
8782,28907
12152,32192
12346,32368
2057,22271
10994,31059
16201,36071
14459,34378
4058,24267
7111,27282
7217,27389
3149,23352
16260,36128
7344,27515
13387,33362
11310,31364
13281,33256
1505,21719
11009,31074
14065,34010
1788,22001
15386,35264
16089,35964
6841,27021
12434,32453
14300,34228
15671,35551
3228,23433
3712,23928
2620,22829
2683,22890
8336,28472
12343,32367
15483,35367
3800,24012
15604,35486
8633,28758
14620,34535
15870,35748
9792,29913
14529,34446
15684,35564
2163,22375
4271,24467
13028,33002
6155,26348
6458,26638
7951,28095
8834,28961
12498,32515
11730,31775
14422,34340
9614,29736
10051,30164
2440,22651
10649,30764
10451,30567
4206,24404
12775,32779
16366,36229
18623,38444
10142,30256
17853,37691
8835,28962
16487,36350
18294,38119
18291,38116
6174,26365
13221,33195
6273,26452
12200,32238
12568,32588
3847,24057
7269,27441
19018,38832
12081,32125
8644,28769
14668,34580
12208,32244
6363,26543
12214,32250
14937,34851
12173,32213
13156,33130
7843,27987
3753,23967
2403,22614
10704,30803
10664,30773
12480,32497
6980,27153
16377,36240
9643,29765
12801,32803
10894,30963
16478,36341
16811,36669
13670,33648
9581,29703
1342,21555
2502,22713
6839,27019
12397,32415
12751,32757
5478,25670
11426,31475
10983,31048
12401,32419
11799,31844
15289,35165
12197,32235
17317,37159
21139,40004
5968,26162
13956,33904
2791,22998
15023,34940
21220,40082
11753,31798
17385,37225
13277,33252
4348,24541
6171,26362
11144,31206
15031,34948
9598,29720
7570,27727
8925,29048
8091,28229
16499,36362
12622,32639
15472,35356
12807,32809
17781,37621
3241,23449
1833,22046
13883,33840
1273,21481
10679,30777
16148,36022
10338,30453
16718,36578
7872,28016
6671,26851
3144,23347
4561,24753
3380,23588
15989,35867
1724,21938
2757,22964
15996,35874
14110,34049
5342,25534
16040,35918
1959,22173
2868,23073
18899,38716
13409,33384
9916,30033
13255,33230
12103,32147
16483,36346
11145,31207
2573,22782
4755,24949
8001,28141
4228,24426
12753,32759
15759,35639
18641,38462
13364,33339
11722,31767
9226,29350
1911,22124
12171,32211
3069,23275
8514,28644
7657,27810
2232,22443
6711,26891
16699,36559
15703,35583
4573,24767
7204,27375
5784,25976
19003,38817
9476,29600
15385,35263
11109,31173
7448,27615
10921,30990
15999,35877
2716,22923
16535,36398
3366,23572
14742,34654
16457,36320
2050,22264
16041,35919
4258,24454
3091,23299
16093,35968
14429,34347
9690,29813
21241,40103
6670,26850
21260,40122
12356,32376
11877,31923
3487,23700
2055,22269
13594,33571
12164,32204
4964,25156
3118,23324
16259,36127
21280,40142
17636,37476
16733,36593
18598,38419
1311,21522
5374,25566
12492,32509
12848,32849
8616,28743
4532,24724
16684,36544
15101,35006
17203,37057
1820,22033
14383,34303
8229,28367
12315,32341
7315,27486
14651,34565
14323,34249
6173,26364
4158,24364
4162,24368
1142,21333
15212,35103
14576,34495
11377,31426
11748,31793
3440,23651
14284,34212
12478,32495
1547,21759
15552,35434
5607,25799
2431,22642
16129,36004
12338,32362
3295,23505
3379,23586
17393,37233
18931,38746
16810,36668
16424,36287
4911,25103
14312,34240
3879,24089
15611,35493
15815,35695
11739,31784
4489,24681
11835,31881
8292,28430
12033,32079
3684,23899
16826,36684
14397,34317
11256,31314
7213,27385
4623,24819
4252,24448
13921,33874
14846,34755
8755,28880
9862,29981
9960,30073
7609,27764
12443,32460
7569,27726
10421,30537
3732,23948
2949,23155
11760,31805
13051,33022
9213,29337
8667,28790
2752,22959
11097,31163
10048,30161
15740,35620
10987,31052
14357,34279
18927,38742
19028,38842
13404,33379
7281,27453
17868,37706
18832,38651
9747,29870
11535,31580
9330,29454
11462,31507
16354,36216
1269,21477
10637,30752
3449,23662
11942,31988
17190,37044
17652,37492
16520,36383
4337,24530
17656,37496
4235,24433
16472,36335
6272,26451
18258,38083
17832,37670
21093,39958
16005,35883
16720,36580
2095,22309
15240,35126
2990,23195
16019,35897
4445,24639
7400,27569
1296,21506
18328,38153
18029,37860
13346,33321
16431,36294
1979,22193
9403,29527
1935,22148
15356,35234
2210,22422
4356,24551
6824,27004
11126,31188
10057,30170
4563,24755
8290,28428
15803,35683
1531,21743
4304,24496
7761,27905
13386,33361
14992,34909
16603,36466
3156,23359
8000,28140
18675,38495
14062,34007
15088,35000
8912,29037
1282,21490
11729,31774
4433,24626
11004,31069
4198,24396
2367,22580
16255,36123
18493,38314
7321,27492
1647,21861
3759,23973
17329,37169
8451,28581
2657,22865
15765,35645
7252,27426
16178,36050
16480,36343
7108,27279
11312,31366
9402,29526
17910,37743
3497,23710
10484,30599
9222,29346
7416,27585
16988,36848
16015,35893
14298,34226
4092,24301
6262,26442
10925,30994
7729,27875
6675,26856
16252,36120
17288,37142
3186,23391
3401,23610
10873,30942
17342,37182
15263,35145
7880,28024
18769,38590
3297,23507
7526,27685
3687,23902
2048,22262
15959,35837
13350,33325
16283,36149
13274,33249
7268,27440
12671,32684
2305,22514
13079,33050
14857,34764
6305,26484
15899,35777
3715,23931
13957,33905
14444,34362
1439,21654
8927,29050
16276,36142
10440,30556
9975,30088
7091,27262
1773,21986
9841,29960
