27934,64588
30069,66693
27374,64049
28560,65208
30831,67447
34427,70917
7860,45828
4385,42446
10990,48852
23216,59982
12675,50452
14953,52682
26919,63594
9792,47704
23807,60552
37917,74314
19135,56013
29192,65828
37428,73833
33659,70169
27289,63964
9012,46946
18850,55734
1529,39618
8232,46184
4100,42161
19011,55891
4333,42394
31983,68557
33082,69628
7461,45448
22568,59371
29610,66242
18166,55039
25431,62150
1971,40052
16745,53630
36158,72607
13702,51425
16851,53736
27200,63875
30874,67490
29443,66077
3799,41860
5845,43865
17308,54187
37993,74388
8199,46153
19963,56819
16375,53376
19724,56584
33274,69798
28315,64963
24271,61010
34251,70747
30845,67461
4356,42417
29561,66193
35620,72077
31691,68273
2391,40468
30903,67519
2886,40954
37554,73955
28859,65499
31556,68148
14763,52498
33786,70290
10653,48521
7044,45042
20334,57169
27208,63883
20843,57672
31044,67652
27816,64484
37363,73772
37558,73959
16160,53326
29355,65991
34510,70998
38604,74944
30232,66856
20473,57308
12058,49904
15248,52975
25706,62413
11591,49445
33666,70176
37860,74257
28555,65203
17042,53925
32089,68657
20824,57653
3318,41379
14315,52025
8055,46015
18673,55559
11265,49121
1381,39469
3401,41462
20571,57404
14179,51891
21096,57919
37133,73546
18411,55278
26430,63121
12603,50382
32383,68941
17796,54675
13727,51450
6252,44272
4357,42418
35442,71911
27155,63830
26690,63373
6238,44258
29571,66203
23479,60228
21399,58220
24588,61323
26163,62864
18320,55189
27996,64648
35491,71960
13116,50884
28207,64857
13512,51276
31247,67847
35401,71870
27455,64128
13944,51662
5669,43689
16159,53325
37639,74038
29716,66348
6559,44575
25890,62595
37822,74219
21774,58591
12196,50007
23227,59992
28407,65055
5458,43482
21607,58428
11097,48959
33515,70031
20207,57044
2748,40819
26910,63587
38273,74637
27470,64143
29444,66078
17980,54855
12211,50022
9709,47632
13276,51044
18624,55510
18623,55509
21039,57862
4171,42232
18556,55423
22932,59717
4256,42317
18184,55057
31537,68129
8155,46111
21014,57839
32519,69073
3691,41752
23031,59807
2938,41007
26673,63356
31232,67832
20013,56867
15589,53145
2194,40275
33803,70307
36841,73266
11410,49264
23291,60052
6473,44493
32801,69353
34227,70723
19574,56438
4166,42227
31611,68199
29535,66167
35517,71982
29483,66117
33791,70295
26771,63452
17373,54252
3560,41621
20406,57241
33447,69965
22299,59106
26632,63317
27912,64568
29694,66326
5499,43521
20749,57578
35740,72193
15092,52819
27993,64645
7087,45083
8132,46090
5995,44015
29278,65914
10567,48441
23999,60740
3326,41387
20273,57110
1330,39420
3462,41523
18804,55688
2744,40815
29686,66318
8265,46217
5518,43538
29414,66048
18665,55551
29367,66003
25340,62061
8532,46478
28280,64928
27054,63729
27354,64029
21784,58601
38313,74665
31844,68422
3216,41279
28616,65262
6523,44539
3037,41104
25772,62479
26189,62888
16589,53491
27620,64290
11583,49437
17382,54261
19566,56430
27613,64284
7686,45672
19760,56616
21983,58794
11039,48901
12046,49892
36483,72918
14280,51992
13316,51084
30178,66802
9743,47655
11746,49598
8133,46091
5116,43159
37834,74231
5190,43232
25803,62510
27971,64623
29590,66222
32892,69442
25663,62374
33693,70201
12885,50660
10184,48084
4403,42464
6508,44524
8606,46546
25837,62544
17611,54490
11270,49126
17374,54253
23322,60079
36046,72495
36847,73272
19174,56050
35583,72042
14038,51756
4252,42313
38029,74422
30182,66806
9797,47709
4342,42403
35723,72178
27966,64620
1355,39445
33459,69977
36181,72628
28682,65326
16243,53340
24925,61652
29662,66294
23056,59832
13875,51593
19547,56411
33714,70220
17949,54824
16195,53337
12830,50605
16855,53740
8494,46440
31109,67715
36421,72858
18262,55131
13564,51326
28331,64979
35413,71882
19178,56054
18443,55310
5529,43549
5517,43537
13017,50790
29793,66423
35119,71589
16910,53795
35745,72198
35054,71524
35411,71880
15538,53109
9177,47111
27842,64506
22254,59061
5592,43612
21761,58580
13144,50912
20881,57710
14282,51994
7314,45306
19613,56473
29791,66421
25343,62064
1524,39613
21584,58405
28650,65296
33806,70310
32842,69394
6172,44192
10342,48242
9767,47679
36466,72901
37985,74380
20059,56911
33563,70077
8607,46547
19538,56402
26197,62896
31622,68208
28228,64878
26916,63593
20271,57108
13716,51439
12929,50704
19284,56158
5103,43146
4310,42371
20503,57336
26099,62802
21279,58100
35566,72027
27218,63893
36574,73005
10411,48294
36539,72972
1698,39779
28714,65358
26264,62959
28376,65024
9052,46986
21405,58226
2398,40475
33100,69646
24017,60758
11607,49461
19432,56302
24957,61684
12956,50729
14865,52594
19388,56260
11644,49498
32292,68852
34524,71012
18172,55045
22195,59004
13386,51154
18776,55660
7298,45290
37152,73563
29570,66202
19938,56794
20148,56994
34041,70539
19030,55910
32400,68956
35050,71520
37637,74036
23632,60379
33062,69608
16666,53551
16254,53345
5760,43780
29664,66296
27462,64135
28037,64689
29077,65715
18458,55325
28282,64930
18145,55018
9644,47571
27264,63939
15883,53235
25027,61754
6514,44530
17003,53886
33797,70301
38183,74571
14380,52090
7427,45415
34062,70560
34706,71190
29424,66058
2664,40735
6035,44055
27965,64619
33289,69813
18611,55497
2904,40972
15801,53222
5481,43505
27068,63743
11275,49131
27008,63683
28398,65046
19419,56289
4615,42672
35822,72273
20831,57660
20141,56987
1914,39995
22699,59500
32560,69112
19714,56574
12676,50453
3952,42013
1918,39999
24372,61111
34809,71287
10223,48123
12713,50490
6792,44800
10801,48665
27978,64630
9835,47747
8945,46879
34649,71135
37869,74266
29450,66084
37093,73508
14028,51746
10056,47956
32834,69386
14003,51721
28287,64935
13212,50980
36594,73021
3299,41360
19873,56729
8198,46152
27976,64628
18276,55145
18104,54979
12930,50705
32604,69156
3053,41120
29405,66039
10262,48162
33829,70333
15895,53238
32715,69267
26028,62731
21570,58391
37556,73957
32572,69124
17621,54500
10577,48451
10691,48555
9008,46942
3580,41641
5527,43547
15427,53064
24923,61650
35896,72345
38395,74741
19627,56487
31908,68484
30443,67065
5550,43570
10591,48465
29340,65976
21791,58608
6691,44699
3753,41814
31364,67962
35295,71763
20076,56926
25359,62080
21561,58382
26451,63142
29996,66622
3869,41930
20885,57714
36571,73002
35681,72138
24062,60803
28036,64688
31870,68448
10369,48267
7288,45280
27451,64124
3863,41924
9613,47540
13823,51541
5097,43142
33559,70073
10688,48552
17063,53946
29445,66079
23075,59849
28296,64944
25668,62379
19575,56439
19105,55983
14166,51878
16627,53523
8020,45980
29262,65898
30304,66926
22194,59003
13303,51071
27259,63934
7687,45673
30952,67568
34478,70968
20999,57824
29095,65733
37743,74142
28031,64683
34105,70601
16352,53365
35707,72162
23163,59933
33798,70302
22089,58900
22432,59237
28837,65477
13441,51207
5540,43560
13226,50994
10339,48239
14244,51956
34236,70732
12431,50242
35715,72170
9654,47581
22821,59612
27938,64592
27812,64480
3453,41514
28812,65454
12415,50226
18143,55016
1512,39601
13204,50972
38918,75254
25957,62660
24026,60767
23643,60390
19553,56417
10246,48146
13739,51462
11260,49116
19471,56339
20231,57068
13275,51043
30075,66699
32273,68835
4076,42137
7241,45233
32906,69456
39069,75403
35811,72264
25919,62624
11578,49432
2691,40762
19552,56416
18851,55735
31189,67795
29088,65726
11642,49496
31071,67679
28666,65310
11647,49501
20036,56888
31644,68226
14159,51871
27262,63937
37407,73814
18700,55586
28058,64710
16677,53562
26515,63204
13995,51713
6562,44578
18853,55737
6796,44804
28303,64951
16982,53865
34489,70979
33567,70081
25893,62598
6156,44176
3881,41942
19389,56261
18073,54948
23501,60250
35828,72279
30406,67028
3890,41951
1944,40025
15434,53071
35307,71775
28977,65615
18691,55577
19276,56150
18911,55793
5576,43596
2733,40803
24526,61263
29084,65722
24094,60835
21609,58430
13381,51149
11107,48969
7169,45161
33060,69606
28530,65178
35405,71874
33756,70262
29680,66312
33129,69671
32223,68787
13248,51016
38457,74797
11113,48975
11846,49692
5392,43416
14862,52591
4168,42229
30267,66891
2596,40667
33095,69641
28943,65583
3497,41558
19585,56447
22914,59701
33327,69849
34644,71130
9705,47628
26699,63382
37399,73806
22231,59040
3935,41996
23136,59906
32392,68948
14788,52519
17921,54798
17493,54372
20576,57409
21289,58110
6440,44460
15624,53162
34507,70995
4624,42681
31813,68391
32470,69024
37080,73495
19947,56803
2759,40830
26877,63558
2592,40663
34938,71410
10520,48396
14092,51804
5616,43636
7279,45271
33238,69762
2676,40747
23559,60308
28417,65065
31703,68283
21513,58334
23516,60265
6636,44648
7138,45130
22977,59758
34826,71304
13070,50838
13773,51494
5729,43749
7089,45085
6297,44317
6045,44065
9062,46996
25352,62073
3875,41936
1939,40020
35801,72254
24741,61474
4302,42363
35747,72200
8168,46124
12606,50385
34262,70758
18404,55271
24320,61059
23467,60216
19377,56249
10627,48497
32364,68924
4072,42133
28427,65075
14551,52255
12702,50479
37380,73789
34479,70969
31106,67712
5681,43701
5118,43161
32734,69286
33190,69718
26994,63669
6173,44193
3911,41972
4204,42265
3207,41270
22453,59258
8254,46206
35632,72089
37501,73904
13754,51477
37085,73500
37927,74324
31728,68308
21949,58762
23442,60191
29623,66255
2584,40655
10193,48093
9850,47762
23951,60692
19236,56110
19126,56004
14969,52698
14229,51941
11589,49443
8209,46161
11795,49645
29712,66344
13235,51003
35994,72443
26242,62941
18803,55687
2958,41027
21906,58721
21708,58527
10621,48491
6067,44087
4553,42610
2201,40282
24538,61275
21623,58444
12260,50071
32096,68662
10361,48261
6036,44056
22335,59140
36183,72630
14591,52293
19042,55922
27191,63866
28723,65367
5771,43791
8799,46737
29513,66147
6818,44826
32437,68993
13302,51070
38321,74673
14266,51978
10496,48372
37932,74329
18692,55578
11004,48866
10048,47950
12146,49977
16755,53640
3565,41626
6710,44718
31140,67746
38360,74706
26581,63270
8612,46552
20073,56923
10324,48224
18294,55163
25866,62573
18273,55142
32275,68837
33122,69664
23022,59798
23967,60708
38158,74549
29174,65810
28951,65589
5222,43254
32419,68975
29585,66217
26351,63042
34416,70906
13580,51342
29962,66588
11934,49780
36430,72867
15468,53090
12967,50740
36210,72657
32462,69016
39092,75424
13488,51252
8498,46444
37825,74222
31080,67688
18748,55632
18014,54889
24527,61264
25770,62477
27936,64590
31149,67755
8252,46204
23284,60045
38201,74586
3617,41678
25853,62560
7850,45821
19356,56230
30739,67357
7080,45076
5903,43923
19707,56567
5583,43603
8714,46654
28554,65202
3446,41507
24286,61025
7112,45106
23978,60719
17282,54161
30597,67217
7119,45113
35355,71824
1640,39723
33099,69645
34929,71401
26804,63485
6495,44513
27206,63881
13962,51680
20136,56982
23698,60445
23349,60103
36537,72970
35551,72012
19064,55944
31577,68169
32576,69128
30774,67392
30693,67311
12925,50700
26591,63280
5086,43131
1549,39636
19621,56481
23446,60195
28410,65058
30604,67224
4033,42094
2341,40420
35751,72204
21785,58602
35655,72112
17056,53939
17653,54532
6094,44114
11525,49379
10791,48655
7419,45407
29861,66489
18788,55672
32835,69387
5873,43893
24108,60849
17806,54683
11936,49782
7263,45255
31637,68221
15417,53057
29195,65831
3363,41424
23964,60705
15429,53066
18111,54986
34632,71118
2843,40912
5601,43621
36256,72697
3566,41627
17273,54152
26795,63476
17973,54848
13762,51483
3205,41268
2967,41036
19886,56742
20835,57664
2716,40785
22063,58874
4238,42299
10683,48549
34824,71302
5434,43458
22843,59632
23218,59984
22467,59270
33226,69752
23517,60266
24293,61032
26434,63125
19990,56846
13874,51592
29446,66080
13734,51457
30155,66779
22824,59615
32685,69237
6626,44638
32586,69138
14212,51924
18083,54958
6832,44840
30995,67607
18832,55716
10790,48654
27194,63869
26922,63597
18306,55175
30942,67558
29661,66293
18423,55290
5606,43626
13491,51255
18871,55755
31541,68133
15964,53241
29311,65947
6630,44642
38447,74789
28686,65330
36140,72589
35544,72007
15607,53154
2593,40664
17616,54495
12922,50697
6637,44649
28871,65511
4183,42244
12069,49915
22560,59363
19870,56726
11268,49124
12071,49917
11201,49059
15558,53120
4095,42156
17720,54599
30125,66749
29099,65737
31037,67647
21860,58677
13376,51144
25872,62579
31546,68138
25875,62582
37671,74070
22774,59569
37412,73819
13443,51209
31735,68315
34078,70574
30187,66811
12653,50430
23820,60565
17925,54802
13982,51700
26268,62963
2672,40743
33728,70234
17667,54546
25675,62384
35500,71967
37855,74252
20333,57168
34786,71266
38618,74956
38339,74685
24935,61662
1841,39921
5917,43937
3541,41602
31227,67827
35113,71583
26281,62974
28878,65518
3165,41230
19526,56392
3734,41795
34699,71183
30696,67314
10993,48855
32804,69356
23813,60558
6655,44665
34658,71144
26848,63529
13133,50901
13625,51383
20493,57326
4446,42505
26727,63408
38317,74669
37109,73522
4542,42599
7243,45235
34220,70716
33102,69648
37921,74318
31900,68476
16836,53721
21615,58436
11464,49318
7149,45141
32758,69310
26343,63034
14970,52699
11723,49575
9788,47700
18382,55251
32084,68652
18558,55425
19360,56234
19709,56569
1500,39589
37678,74077
31681,68263
26431,63122
5339,43365
20421,57256
32061,68629
38312,74664
18923,55805
12102,49948
38318,74670
28733,65377
32387,68945
5301,43327
30409,67031
9643,47570
14709,52451
10026,47930
1471,39560
36155,72604
22758,59553
12866,50641
32272,68834
17249,54130
26838,63519
36336,72773
14303,52013
6816,44824
15784,53214
6382,44402
23051,59827
1559,39646
25985,62688
1673,39756
11596,49450
24345,61084
5200,43242
20091,56941
23117,59887
10806,48670
6811,44819
12205,50016
20229,57066
28991,65629
35559,72020
29002,65640
27449,64122
14271,51983
31369,67965
24336,61075
13476,51240
14201,51913
18532,55399
7437,45425
14173,51885
8568,46510
26600,63289
11796,49646
30772,67390
27121,63796
3206,41269
24121,60862
23168,59938
6302,44322
20037,56889
2793,40862
13268,51036
36231,72676
16992,53875
28677,65321
31034,67644
35711,72166
27024,63699
29596,66228
4471,42530
17412,54291
26849,63530
35124,71594
19387,56259
27551,64222
2779,40850
27023,63698
33828,70332
13293,51061
5455,43479
9585,47512
2558,40631
23597,60344
10306,48206
35656,72113
34055,70553
11633,49487
11125,48985
32297,68857
19998,56852
25060,61787
17604,54483
36290,72731
8880,46816
27189,63864
28654,65300
22713,59514
38153,74544
32065,68633
9182,47116
30289,66913
25827,62534
30173,66797
19616,56476
15416,53056
12109,49955
19595,56455
29190,65826
2408,40485
20852,57681
11074,48936
26510,63199
6000,44020
22727,59526
32598,69150
4079,42140
23249,60010
33633,70143
16357,53367
6015,44035
29565,66197
3312,41373
31130,67736
3838,41899
1697,39778
11646,49500
26299,62992
17602,54481
35495,71962
16838,53723
19095,55973
8549,46493
19700,56560
23456,60205
34704,71188
28565,65213
4270,42331
20670,57501
18208,55079
19612,56472
11457,49311
24557,61292
8554,46498
26818,63499
34966,71436
16757,53642
24144,60885
8102,46062
35255,71723
30957,67571
18127,55000
11008,48870
34418,70908
3759,41820
37375,73784
28861,65501
21736,58555
6383,44403
27061,63736
29800,66430
8708,46648
2870,40940
17567,54446
29567,66199
28937,65577
31846,68424
5223,43255
27036,63711
19422,56292
26384,63075
36291,72732
13382,51150
20407,57242
14694,52396
14949,52678
17981,54856
28857,65497
37161,73572
19147,56025
29287,65923
37957,74354
18929,55811
37078,73493
32691,69243
37991,74386
28572,65220
27120,63795
22832,59623
8519,46465
19856,56712
17293,54172
12378,50189
35276,71744
35394,71863
31740,68320
33809,70313
31135,67741
19336,56210
21063,57886
14204,51916
20020,56874
19125,56003
14080,51794
28227,64877
7294,45286
25377,62096
27346,64021
7819,45799
35907,72356
23487,60236
24390,61129
33673,70183
29198,65834
31571,68163
29430,66064
18250,55121
27177,63852
21769,58586
26346,63037
1904,39984
24104,60845
20676,57507
32916,69466
11354,49208
20282,57117
8283,46235
12943,50716
37833,74230
23640,60387
5202,43244
36315,72752
30189,66813
33899,70399
23453,60202
6044,44064
11084,48946
30852,67468
33855,70357
18360,55229
30922,67538
28858,65498
30729,67347
2985,41054
16863,53748
36268,72709
38987,75321
14604,52306
16988,53871
14682,52384
26372,63063
36310,72749
20377,57212
8242,46194
9650,47577
35844,72295
12829,50604
15965,53242
26428,63119
14801,52532
26347,63038
2749,40820
11696,49550
17054,53937
25896,62601
37486,73889
18908,55790
28760,65404
10992,48854
13250,51018
2682,40753
18374,55243
12990,50763
13549,51313
30902,67518
23374,60123
26270,62965
21920,58735
7460,45447
36946,73365
21605,58426
11639,49493
21069,57892
24269,61008
5395,43419
3203,41266
38444,74786
1970,40051
37525,73926
3303,41364
11632,49486
11728,49580
12905,50680
29257,65893
33624,70134
14569,52273
16906,53791
12806,50581
24536,61273
27734,64403
27986,64638
11724,49576
16652,53537
13784,51505
2188,40269
17599,54478
24940,61667
11666,49520
37896,74293
14311,52021
29057,65695
13016,50789
16653,53538
6695,44703
4637,42694
34018,70516
3076,41143
19036,55916
10889,48751
33209,69735
13099,50867
10510,48386
9040,46974
26445,63136
35228,71696
28777,65421
37038,73453
32757,69309
29619,66251
2673,40744
24886,61619
9770,47682
38061,74454
20750,57579
6961,44967
9830,47742
12794,50569
21478,58299
27303,63978
26104,62807
10569,48443
7132,45124
35744,72197
20847,57676
16592,53494
12693,50470
26146,62847
9564,47493
7666,45652
34025,70523
8070,46030
11105,48967
14593,52295
27799,64467
21479,58300
5474,43498
19907,56763
11212,49068
34539,71027
16130,53305
33113,69657
20339,57174
37492,73895
3611,41672
27552,64223
30726,67344
31091,67697
28833,65473
6476,44494
27332,64007
27989,64641
33952,70450
32673,69225
29384,66018
27982,64634
27020,63695
36956,73375
28425,65073
20544,57377
14559,52263
13562,51324
3308,41369
29859,66487
11916,49762
29427,66061
9904,47810
13470,51234
6781,44789
17011,53894
35350,71819
11598,49452
6052,44072
17690,54569
12377,50188
5353,43377
11618,49472
35920,72369
29160,65796
11111,48973
25598,62313
17963,54838
37545,73946
11060,48922
8603,46543
27073,63748
35804,72257
28899,65539
28512,65160
33267,69791
26993,63668
35648,72105
6604,44618
30483,67105
34381,70873
10273,48173
28364,65012
19728,56588
9543,47472
1661,39744
11627,49481
30258,66882
27994,64646
30871,67487
22268,59075
16353,53366
19948,56804
37061,73476
18060,54935
17079,53962
30208,66832
20817,57646
36272,72713
6702,44710
1684,39765
20004,56858
24197,60936
22034,58845
25881,62586
23464,60213
37520,73921
5496,43518
20548,57381
35225,71693
34679,71163
35759,72212
12350,50161
21094,57917
4167,42228
13239,51007
33643,70153
3534,41595
10625,48495
11815,49663
13767,51488
31717,68297
14752,52486
9619,47546
19001,55881
24574,61309
26364,63055
29797,66427
20228,57065
22437,59242
35641,72098
37557,73958
6336,44356
30068,66692
23766,60513
17614,54493
17051,53934
22813,59604
14692,52394
16656,53541
8795,46733
13474,51238
15896,53239
2953,41022
29625,66257
8029,45989
7311,45303
7108,45102
27304,63979
6674,44682
23090,59860
29304,65940
33561,70075
13771,51492
33896,70396
22313,59120
20819,57648
7753,45735
25697,62406
24083,60824
33640,70150
22442,59247
12884,50659
28680,65324
2565,40638
26179,62880
22068,58879
25725,62432
38068,74461
33162,69698
10293,48193
29161,65797
9746,47658
13086,50854
31368,67964
35539,72002
26671,63354
35430,71899
22047,58858
21871,58688
17617,54496
21487,58308
31564,68156
17303,54182
27067,63742
13222,50990
5598,43618
36563,72994
34925,71397
30473,67095
24500,61237
13261,51029
17006,53889
19359,56233
31133,67739
12982,50755
21782,58599
29097,65735
35337,71806
17723,54602
22085,58896
11923,49769
36533,72966
23040,59816
21718,58537
26479,63170
31240,67840
11041,48903
26087,62790
14008,51726
33691,70199
28411,65059
32429,68985
14259,51971
29463,66097
6081,44101
35742,72195
26203,62902
31592,68182
4325,42386
3744,41805
30950,67566
31682,68264
19047,55927
6009,44029
38517,74857
19936,56792
17807,54684
35830,72281
38421,74767
13227,50995
38990,75324
37214,73625
23833,60576
13533,51297
37845,74242
33883,70383
12883,50658
17934,54811
33908,70408
18322,55191
19268,56142
3755,41816
35067,71537
4254,42315
26662,63345
35326,71794
19927,56783
1291,39379
32237,68801
2360,40437
5670,43690
4383,42444
10254,48154
12054,49900
10880,48742
11549,49403
2170,40251
2039,40120
23161,59931
24310,61049
38142,74533
19099,55977
34129,70625
33913,70411
15724,53193
11832,49678
10699,48563
30958,67572
12181,49992
3531,41592
3147,41212
11811,49659
22207,59016
27306,63981
22687,59488
30452,67074
16772,53657
26036,62739
5379,43403
13519,51283
1393,39482
10194,48094
32996,69544
21908,58723
34017,70515
30276,66900
20019,56873
16853,53738
24332,61071
30119,66743
36479,72914
19431,56301
7135,45127
26504,63193
7885,45847
36604,73031
5546,43566
12602,50381
17165,54046
28211,64861
31302,67900
29011,65649
38163,74554
31105,67711
5435,43459
4236,42297
18787,55671
13119,50887
11293,49149
31575,68167
3354,41415
24337,61076
33310,69832
4282,42343
5922,43942
28719,65363
20864,57693
2832,40901
34930,71402
24954,61681
13290,51058
18123,54998
21113,57934
35345,71814
33248,69772
30241,66865
6329,44349
10285,48185
33194,69722
24050,60791
27115,63790
32518,69072
15301,53025
24314,61053
1099,39187
19539,56403
18421,55288
28473,65121
20396,57231
27118,63793
24012,60753
33079,69625
24806,61539
28216,64866
38710,75048
20996,57821
9149,47083
2828,40897
1539,39626
26855,63536
14029,51747
37894,74291
32188,68752
8187,46141
19491,56357
15575,53137
24669,61402
19605,56465
13696,51419
11697,49551
20545,57378
11489,49343
7054,45050
38242,74612
23681,60428
34783,71263
32384,68942
24001,60742
17286,54165
38490,74830
39058,75392
18281,55150
4045,42106
6995,44998
28834,65474
13108,50876
22076,58887
11382,49236
33664,70174
30274,66898
11720,49572
7443,45431
20952,57779
18627,55513
16765,53650
34222,70718
35298,71766
23373,60122
30308,66930
29135,65771
35074,71544
2801,40870
37102,73517
38466,74806
20468,57303
18957,55839
17936,54813
38022,74415
10298,48198
6980,44985
27918,64574
23645,60392
18369,55238
34398,70890
38409,74755
34409,70899
36087,72536
20117,56965
19732,56590
23983,60724
11887,49733
11939,49785
36390,72827
3813,41874
3843,41904
15536,53107
35234,71702
32752,69304
35333,71802
17077,53960
10789,48653
6469,44489
12821,50596
26805,63486
18863,55747
10977,48839
24351,61090
18419,55286
17896,54773
21010,57835
16581,53485
14937,52666
35423,71892
6806,44814
15629,53164
13796,51514
35761,72214
27166,63841
35360,71829
29574,66206
10236,48136
12729,50506
28393,65041
22289,59096
6295,44315
34935,71407
36616,73041
12509,50290
23219,59985
35490,71959
3527,41588
34193,70689
31516,68110
34260,70756
13140,50908
22067,58878
32722,69274
18456,55323
26613,63300
13584,51346
38846,75182
14830,52561
22915,59702
29091,65729
23149,59919
18892,55774
25667,62378
22831,59622
6486,44504
21652,58473
18255,55124
21414,58235
35468,71937
17731,54610
4940,42987
25064,61791
35476,71945
4182,42243
22789,59582
10779,48643
37203,73614
24154,60893
29484,66118
14700,52402
3795,41856
32227,68791
29995,66621
3000,41067
31058,67666
31283,67881
11840,49686
21936,58749
23239,60002
3442,41503
7861,45829
10218,48118
4047,42108
1104,39192
3665,41726
34483,70973
5594,43614
12053,49899
8235,46187
16849,53734
26624,63311
31311,67909
29679,66311
27249,63924
35409,71878
19536,56400
32683,69235
33525,70039
37961,74358
1964,40045
29592,66224
20684,57513
31640,68224
30927,67543
33734,70240
34830,71308
27728,64397
4684,42739
25302,62025
29258,65894
27448,64121
31519,68113
23946,60687
20965,57790
10580,48454
11921,49767
31880,68458
32870,69420
7730,45712
9141,47075
12828,50603
35523,71988
36300,72739
25376,62095
29967,66593
10667,48533
34855,71333
36509,72942
28758,65402
13531,51295
29494,66128
20568,57401
12673,50450
23947,60688
27571,64242
17654,54533
4620,42677
38045,74438
31304,67902
15963,53240
23610,60357
37962,74359
2974,41043
32508,69062
26337,63028
14310,52020
13415,51183
27283,63958
23949,60690
22053,58864
37426,73831
24122,60863
8881,46817
31715,68295
36156,72605
7014,45014
32079,68647
29109,65747
25411,62130
25350,62071
11269,49125
3341,41402
33329,69851
30742,67360
35231,71699
5980,44000
4069,42130
19272,56146
32216,68780
9562,47491
32414,68970
22065,58876
30271,66895
12141,49975
7150,45142
6023,44043
17626,54505
13953,51671
23339,60096
33265,69789
11880,49726
23335,60092
38420,74766
32053,68621
38713,75051
23106,59876
32318,68878
6049,44069
13950,51668
13699,51422
34946,71416
37902,74299
3504,41565
26471,63162
11656,49510
2803,40872
7051,45047
33187,69715
16674,53559
11082,48944
11120,48980
6590,44604
13358,51126
2740,40810
19207,56083
32458,69012
32679,69231
4652,42709
24423,61160
28290,64938
1544,39631
23014,59792
20179,57016
20128,56974
32524,69076
38496,74836
38017,74410
21666,58487
21290,58111
32670,69222
20192,57029
33509,70025
17261,54142
29633,66265
26007,62710
2891,40959
31124,67730
22096,58907
33484,70000
26749,63430
3212,41275
18738,55622
16369,53373
23311,60070
21449,58270
2884,40952
26778,63459
35121,71591
20542,57375
18563,55430
33760,70266
23498,60247
8063,46023
22841,59630
37396,73803
17295,54174
10275,48175
28466,65114
34724,71208
22241,59048
11066,48928
35291,71759
34057,70555
29555,66187
33476,69994
32498,69052
9587,47514
34210,70706
13718,51441
24294,61033
10535,48411
29090,65728
20890,57719
15556,53118
11274,49130
5230,43258
23935,60676
32866,69416
4686,42741
29012,65650
32452,69006
16994,53877
30180,66804
23806,60551
20550,57383
31059,67667
26220,62919
18828,55712
28014,64666
24810,61543
20336,57171
15806,53224
17612,54491
25836,62543
17028,53911
28300,64948
36602,73029
14416,52122
34212,70708
18288,55157
25401,62120
26061,62764
28800,65444
9575,47504
22535,59338
5388,43412
17291,54170
17947,54822
25831,62538
27069,63744
21291,58112
23131,59901
31897,68473
14174,51886
24192,60931
5408,43432
23540,60289
26304,62997
3633,41694
9871,47781
32027,68601
30190,66814
21035,57858
24163,60902
3186,41251
11224,49080
35634,72091
19985,56841
35336,71805
13066,50834
31822,68400
21917,58732
36458,72893
11667,49521
34760,71242
19009,55889
24080,60821
24120,60861
19111,55989
3250,41311
36130,72579
6607,44621
22094,58905
33182,69710
27039,63714
5658,43678
28418,65066
23933,60674
18425,55292
19202,56078
12786,50561
18687,55573
9860,47770
13811,51529
5986,44006
32682,69234
29655,66287
26820,63501
36132,72581
34476,70966
25591,62306
28877,65517
9636,47563
12934,50707
38452,74792
3327,41388
34703,71187
33609,70121
36709,73134
30306,66928
12679,50456
8191,46145
28866,65506
4192,42253
32093,68659
30569,67189
1502,39591
6446,44466
17691,54570
34739,71221
20906,57733
27729,64398
13452,51218
35888,72339
34973,71443
13414,51182
4406,42467
3889,41950
28292,64940
31725,68305
37188,73599
24738,61471
35340,71809
32987,69535
12052,49898
31841,68419
17581,54460
17426,54305
20510,57343
35241,71709
15437,53074
32222,68786
12918,50693
25330,62051
2947,41016
31185,67791
16866,53751
7140,45132
19578,56442
32099,68665
28567,65215
26707,63388
28629,65275
27617,64288
18418,55285
35538,72001
26054,62757
25629,62340
14769,52502
16514,53420
22951,59734
29645,66277
37096,73511
14571,52275
35385,71854
14181,51893
33597,70111
12637,50414
9894,47802
37673,74072
23153,59923
32175,68739
19024,55904
33474,69992
1910,39991
38049,74442
9765,47677
2388,40465
14245,51957
9878,47788
23693,60440
30930,67546
16591,53493
34052,70550
26740,63421
27301,63976
28459,65107
19600,56460
17730,54609
12926,50701
28018,64670
22114,58923
26181,62882
31566,68158
33125,69667
17560,54439
7480,45467
25300,62023
33737,70243
5886,43906
5692,43712
10245,48145
18113,54988
11764,49616
4770,42823
11498,49352
8115,46075
6694,44702
13037,50807
7628,45613
21735,58554
36304,72743
35122,71592
7049,45045
23814,60559
18696,55582
2700,40771
37123,73536
35823,72274
27207,63882
32831,69383
10505,48381
37295,73706
22737,59534
5431,43455
37125,73538
28254,64904
34720,71204
13970,51688
18774,55658
19337,56211
2978,41047
15595,53148
30198,66822
28508,65156
16013,53260
14548,52252
33603,70115
29008,65646
2340,40419
30988,67600
34343,70839
23993,60734
37063,73478
11108,48970
25686,62395
15162,52889
24316,61055
19650,56510
2885,40953
15582,53141
26093,62796
30908,67524
30244,66868
5081,43128
34521,71009
30873,67489
33183,69711
25049,61776
12023,49869
13544,51308
18756,55640
7714,45696
37183,73594
34272,70768
21965,58778
33158,69694
16587,53489
20277,57114
30670,67288
37497,73900
25778,62485
12782,50557
29281,65917
29546,66178
10661,48529
14833,52564
15636,53171
31729,68309
11360,49214
29170,65806
11035,48897
33192,69720
22970,59751
23986,60727
36166,72615
11534,49388
15456,53084
32901,69451
31093,67699
29839,66469
11739,49591
28536,65184
7334,45324
33112,69656
8149,46105
23834,60577
18601,55487
4949,42996
3367,41428
37293,73704
31164,67770
38284,74645
38164,74555
14302,52012
34636,71122
9159,47093
14309,52019
20244,57081
2727,40796
33293,69817
19914,56770
19622,56482
5567,43587
11067,48929
26715,63396
32810,69362
38146,74537
13252,51020
22815,59606
38499,74839
6416,44436
33645,70155
18046,54921
38425,74771
36778,73203
2941,41010
1561,39648
3151,41216
25434,62153
31241,67841
18917,55799
2988,41057
5992,44012
11305,49161
25707,62414
1533,39622
32425,68981
19919,56775
19761,56617
9666,47593
11759,49611
20989,57814
36939,73358
12475,50274
28297,64945
24432,61169
6024,44044
12778,50553
2808,40877
8046,46006
11806,49656
24601,61334
12016,49862
17595,54474
5545,43565
38251,74618
9776,47688
7029,45029
10606,48478
25902,62607
27247,63922
25813,62520
20534,57367
24544,61279
11387,49241
35968,72417
29707,66339
31042,67650
7097,45093
37644,74043
23343,60100
23300,60061
25979,62682
25312,62035
22757,59552
5330,43356
17419,54298
37390,73799
22074,58885
11645,49499
5515,43535
13603,51365
19586,56448
25869,62576
14803,52534
17728,54607
32208,68772
18151,55024
17304,54183
23128,59898
10045,47947
6530,44546
38705,75043
21585,58406
13375,51143
36261,72702
13341,51109
12044,49890
28689,65333
12995,50768
23215,59981
14805,52536
4290,42351
34801,71281
34645,71131
30599,67219
14565,52269
33759,70265
24325,61064
15507,53102
28674,65318
10037,47941
34892,71368
13496,51260
6602,44616
14417,52123
12479,50278
29145,65781
9891,47799
23533,60282
6068,44088
21020,57845
7638,45623
27568,64239
17399,54278
36611,73036
25342,62063
28059,64711
16887,53772
10014,47918
28601,65249
3859,41920
5591,43611
13383,51151
12667,50444
5367,43391
17087,53970
35860,72311
23318,60075
24516,61253
29607,66239
14213,51925
14223,51935
7742,45724
13258,51026
21280,58101
18824,55708
22008,58819
32012,68586
31191,67797
26236,62935
19405,56275
5329,43355
32373,68931
27294,63969
23043,59819
26228,62927
24552,61287
35505,71970
37490,73893
29391,66025
32488,69042
9750,47662
7416,45404
32605,69157
3756,41817
37920,74317
34937,71409
27802,64470
12684,50461
18924,55806
28309,64957
25895,62600
11891,49737
18827,55711
21747,58566
15488,53095
29208,65844
28244,64894
33799,70303
20512,57345
12440,50249
26325,63016
8871,46807
12098,49944
11480,49334
26359,63050
10292,48192
18848,55732
22333,59138
19741,56599
9708,47631
36309,72748
2184,40265
34722,71206
31533,68125
26379,63070
38510,74850
19524,56390
9764,47676
28692,65336
27270,63945
3973,42034
17579,54458
12807,50582
1347,39437
11189,49047
16916,53801
3618,41679
30411,67033
26777,63458
18457,55324
18944,55826
22939,59724
16302,53360
27133,63808
22956,59739
6628,44640
18964,55846
23803,60548
36916,73339
33449,69967
6489,44507
3027,41094
33844,70346
28820,65462
12865,50640
26142,62843
36962,73381
30163,66787
14209,51921
13236,51004
7130,45122
37379,73788
6814,44822
28044,64696
29589,66221
32770,69322
25970,62673
18779,55663
18050,54925
35341,71810
4426,42485
33142,69682
23497,60246
25435,62154
33268,69792
4351,42412
6140,44160
13198,50966
28615,65261
33433,69951
31237,67837
33315,69837
2492,40567
12871,50646
4308,42369
23562,60311
26374,63065
31692,68274
27269,63944
14547,52251
3275,41336
3996,42057
28361,65009
33196,69724
18137,55010
16128,53303
9576,47505
37802,74201
27939,64593
18071,54946
3628,41689
24324,61063
7018,45018
19400,56272
12178,49989
16914,53799
39080,75412
17278,54157
17640,54519
34482,70972
13605,51367
35846,72297
33721,70227
19067,55947
27662,64331
18088,54963
31650,68232
34795,71275
22301,59108
23578,60327
37928,74325
27342,64017
22827,59618
35838,72289
13557,51319
2597,40668
19959,56815
1917,39998
22120,58929
17031,53914
13035,50805
22439,59244
6959,44965
26843,63524
13388,51156
3347,41408
32771,69323
16155,53321
30315,66937
27363,64038
11852,49698
32716,69268
7113,45107
37634,74033
24044,60785
9147,47081
34748,71230
9555,47484
27217,63892
28974,65612
10913,48775
37371,73780
30420,67042
6076,44096
29666,66298
35304,71772
23696,60443
37568,73969
2945,41014
31032,67642
5647,43667
26418,63109
27001,63676
37115,73528
26588,63277
15300,53024
26226,62925
13974,51692
32098,68664
32434,68990
20877,57706
12947,50720
25030,61757
28763,65407
7142,45134
22036,58847
9565,47494
9774,47686
37859,74256
23614,60361
26463,63154
34912,71386
20540,57373
3244,41305
34693,71177
22242,59049
25829,62536
27942,64596
14948,52677
33679,70189
32193,68757
23620,60367
6443,44463
12952,50725
18001,54876
20235,57072
29052,65690
9661,47588
12823,50598
10270,48170
7118,45112
30265,66889
2786,40857
13229,50997
11500,49354
17805,54682
21019,57844
18051,54926
32474,69028
8506,46452
34195,70691
19546,56410
33463,69981
29576,66208
22840,59629
17159,54040
25921,62626
22545,59348
29180,65816
20866,57695
17983,54858
11529,49383
12917,50692
27974,64626
18984,55866
31017,67627
38016,74409
24051,60792
28865,65505
2804,40873
5566,43586
32911,69461
21394,58215
9016,46950
37279,73690
18302,55171
27229,63904
29710,66342
19559,56423
27257,63932
5705,43725
25038,61765
13346,51114
13778,51499
13660,51415
31115,67721
37937,74334
2925,40994
2951,41020
7625,45610
6040,44060
27600,64271
20075,56925
18363,55232
27930,64584
31314,67912
20050,56902
29937,66565
22530,59333
14093,51805
29999,66623
21700,58519
29115,65753
12038,49884
34848,71326
20003,56857
35508,71973
1699,39780
8026,45986
24528,61265
18575,55436
35400,71869
2928,40997
32358,68918
2854,40924
30451,67073
22454,59259
23005,59785
22816,59607
33618,70128
22251,59058
33887,70387
21013,57838
31318,67916
28041,64693
23952,60693
9558,47487
18448,55315
14091,51803
21957,58770
13044,50814
27586,64257
13287,51055
20530,57363
20399,57234
7055,45051
28727,65371
16987,53870
12152,49980
26446,63137
32014,68588
12798,50573
11774,49624
14086,51800
31828,68406
36930,73349
10347,48247
30904,67520
4019,42080
10290,48190
7858,45826
19694,56554
35338,71807
14392,52102
22753,59548
32759,69311
24941,61668
37561,73962
18550,55417
6619,44631
12880,50655
39067,75401
6826,44834
19562,56426
3021,41088
13184,50952
23887,60628
29178,65814
29564,66196
26594,63283
12445,50254
3937,41998
36245,72688
28546,65194
31196,67802
7867,45835
19937,56793
35264,71732
25839,62546
19154,56032
37117,73530
6190,44210
38320,74672
3802,41863
8496,46442
21265,58086
16027,53268
12405,50216
27027,63702
32008,68582
26860,63541
13764,51485
3377,41438
22321,59128
22975,59756
29826,66456
32555,69107
28051,64703
13717,51440
27350,64025
26424,63115
13479,51243
19350,56224
13038,50808
17307,54186
32515,69069
29193,65829
19520,56386
31547,68139
37923,74320
25775,62482
31047,67655
38052,74445
30261,66885
26645,63328
25388,62107
3333,41394
21511,58332
31031,67641
11669,49523
18298,55167
20198,57035
17154,54035
7131,45123
3929,41990
23510,60259
26344,63035
14185,51897
34753,71235
7434,45422
20899,57728
29980,66606
19832,56688
31629,68213
20346,57181
28770,65414
18197,55070
29271,65907
24522,61259
28210,64860
19733,56591
31024,67634
3638,41699
11571,49425
35525,71990
20226,57063
33688,70196
32862,69412
27353,64028
17657,54536
12045,49891
6564,44580
5196,43238
25812,62519
3664,41725
6232,44252
29802,66432
27019,63694
28332,64980
12207,50018
1691,39772
34341,70837
32033,68607
21673,58494
24095,60836
13939,51657
38483,74823
22765,59560
30064,66688
21627,58448
25063,61790
9641,47568
5587,43607
19555,56419
29489,66123
10613,48483
28485,65133
13737,51460
11429,49283
27086,63761
11385,49239
13538,51302
31902,68478
18605,55491
29862,66490
22280,59087
36285,72726
19500,56366
10407,48293
7326,45316
13446,51212
16753,53638
3457,41518
4231,42292
37719,74118
13089,50857
13387,51155
27447,64120
21924,58739
36437,72872
13728,51451
21923,58738
6069,44089
26222,62921
29855,66483
9710,47633
28341,64989
25690,62399
38338,74684
37827,74224
19687,56547
22456,59261
26572,63261
15634,53169
2561,40634
27181,63856
23979,60720
37067,73482
35757,72210
34258,70754
19535,56399
18362,55231
22296,59103
12233,50044
35439,71908
32194,68758
18329,55198
21617,58438
18703,55589
35645,72102
30467,67089
5869,43889
10775,48639
1903,39983
6153,44173
19537,56401
26408,63099
9662,47589
25828,62535
25777,62484
34516,71004
21086,57909
1935,40016
27093,63768
14598,52300
27854,64516
27459,64132
16675,53560
36541,72974
3741,41802
37130,73543
12429,50240
13530,51294
32888,69438
3620,41681
21582,58403
26252,62949
6656,44666
32062,68630
3068,41135
8573,46515
31848,68426
26114,62817
22012,58823
30721,67339
14552,52256
38470,74810
19978,56834
22316,59123
10906,48768
16359,53369
23549,60298
13297,51065
34911,71385
35268,71736
22113,58922
14797,52528
14854,52585
7465,45452
25381,62100
12060,49906
32361,68921
3345,41406
19059,55939
31443,68037
21937,58750
30188,66812
15330,53033
34683,71167
4400,42461
21381,58202
29457,66091
7426,45414
34639,71125
31702,68282
25055,61782
19660,56520
11282,49138
27916,64572
4271,42332
18794,55678
15419,53059
36146,72595
28787,65431
19890,56746
23966,60707
26106,62809
37656,74055
3445,41506
19434,56304
30127,66751
21600,58421
20283,57118
13077,50845
35079,71549
20898,57727
18914,55796
31289,67887
19204,56080
32608,69160
29259,65895
9169,47103
19289,56163
11516,49370
1520,39609
31515,68109
19480,56348
26255,62952
37418,73825
11203,49061
5644,43664
22531,59334
35438,71907
18861,55745
20862,57691
34085,70581
34932,71404
20359,57194
32395,68951
31446,68040
24597,61330
28069,64719
25603,62316
5718,43738
9859,47769
28952,65590
14483,52187
35691,72148
17955,54830
12635,50412
10639,48509
30457,67079
25433,62152
35053,71523
7096,45092
38200,74585
26700,63383
37169,73580
16998,53881
18201,55072
24002,60743
20113,56961
2960,41029
4650,42707
26378,63069
11009,48871
34016,70514
29437,66071
35082,71552
36490,72925
26373,63064
20669,57500
5205,43247
18444,55311
3167,41232
17378,54257
24088,60829
18806,55690
25640,62351
33837,70339
3041,41108
19872,56728
15578,53140
9809,47721
10708,48572
25392,62111
28642,65288
34173,70669
25647,62358
7667,45653
14754,52491
15467,53089
31839,68417
27588,64259
10234,48134
36540,72973
6633,44645
20925,57752
19199,56075
32690,69242
11050,48912
5660,43680
7878,45840
22998,59777
33580,70094
28694,65338
32607,69159
5114,43157
1693,39774
14693,52395
8698,46638
23495,60244
30708,67326
14156,51868
1313,39402
3688,41749
12936,50709
13269,51037
1928,40009
6651,44661
30586,67206
17958,54833
21950,58763
32490,69044
15755,53203
25356,62077
18381,55250
23629,60376
13504,51268
37828,74225
13251,51019
25065,61792
36514,72947
31815,68393
10530,48406
21477,58298
17700,54579
15560,53122
28809,65451
27861,64523
29200,65836
17628,54507
11559,49413
28317,64965
36006,72455
26789,63470
38008,74401
29572,66204
23856,60597
22274,59081
21658,58479
18365,55234
27624,64294
6264,44284
33191,69719
25963,62666
22024,58835
18683,55569
2731,40801
37105,73518
32256,68818
6991,44994
11320,49176
11866,49712
31521,68115
14006,51724
16748,53633
19836,56692
7352,45342
21543,58364
28795,65439
11226,49082
24375,61114
18454,55321
26756,63437
23491,60240
19757,56615
11317,49173
18959,55841
38690,75028
24599,61332
32841,69393
10907,48769
23535,60284
24052,60793
26689,63372
30305,66927
27945,64599
30151,66775
4674,42731
20290,57125
7023,45023
19906,56762
24061,60802
22665,59466
28597,65245
37989,74384
34771,71251
15691,53187
34927,71399
26996,63671
19915,56771
11670,49524
32692,69244
35862,72313
19956,56812
21417,58238
22318,59125
3770,41831
11688,49542
35380,71849
31737,68317
13216,50984
31226,67826
14243,51955
8782,46722
23892,60633
39068,75402
20102,56952
17662,54541
5716,43736
35398,71867
17059,53942
28796,65440
32504,69058
13731,51454
15346,53034
16962,53845
12041,49887
14076,51792
13871,51589
31322,67920
9616,47543
8608,46548
35988,72437
6373,44393
22248,59055
36092,72541
26599,63288
2591,40662
16144,53310
6063,44083
31138,67744
14549,52253
32718,69270
31723,68303
3861,41922
36453,72888
2574,40645
4773,42826
2680,40751
17950,54825
14400,52108
36471,72906
11287,49143
36961,73380
22436,59241
20902,57731
35045,71515
23767,60514
4226,42287
28556,65204
38063,74456
29111,65749
28271,64921
34945,71415
17967,54842
17714,54593
13137,50905
21862,58679
38988,75322
18580,55441
12862,50637
35615,72072
13398,51166
6386,44406
16389,53381
17411,54290
32022,68596
18337,55206
22315,59122
8502,46448
34887,71363
14779,52512
36495,72930
9612,47539
22982,59763
10512,48388
14701,52403
29809,66439
10034,47938
3197,41260
21974,58787
21277,58098
13004,50777
33306,69828
14935,52664
13357,51125
30705,67323
19628,56488
35841,72292
19195,56071
30101,66725
10506,48382
21001,57826
12940,50713
34119,70615
29652,66284
2888,40956
16898,53783
13103,50871
17709,54588
25733,62440
14940,52669
29144,65780
34118,70614
34895,71371
8213,46165
22287,59094
23593,60342
32505,69059
4347,42408
10811,48675
8017,45977
15766,53208
15600,53150
36585,73014
16867,53752
27849,64511
19904,56760
17686,54565
37374,73783
37089,73504
7725,45707
13873,51591
32991,69539
19220,56096
9834,47746
15045,52772
2913,40982
10879,48741
3932,41993
26128,62831
36118,72567
36247,72690
17231,54112
11602,49456
28302,64950
7464,45451
31845,68423
10784,48648
17956,54831
34238,70734
14160,51872
9707,47630
7787,45769
12620,50399
23854,60595
31228,67828
25801,62508
13738,51461
11405,49259
23150,59920
21795,58612
37532,73933
10533,48409
11754,49606
34186,70682
31303,67901
14313,52023
19931,56787
37550,73951
14305,52015
21293,58114
36846,73271
4935,42982
33752,70258
1839,39919
7000,45003
26208,62907
21393,58214
21363,58184
29288,65924
13220,50988
27482,64155
16189,53334
11650,49504
33423,69941
5667,43687
11486,49340
27883,64545
12107,49953
9048,46982
35270,71738
23950,60691
13378,51146
36338,72775
35602,72061
24079,60820
6663,44673
17615,54494
19996,56850
34035,70533
34080,70576
3448,41509
8062,46022
17618,54497
7482,45469
1650,39733
27555,64226
26207,62906
28022,64674
23305,60064
31205,67811
17704,54583
14727,52465
18758,55642
32583,69135
31151,67757
29187,65823
33921,70419
18604,55490
25436,62155
8277,46229
16371,53375
15610,53157
29331,65967
1658,39741
26516,63205
4462,42521
13352,51120
30565,67185
37953,74350
30879,67495
2347,40424
6972,44978
7306,45298
22051,58862
20675,57506
30583,67203
28413,65061
30578,67198
18874,55758
35540,72003
18655,55541
18409,55276
26760,63441
27142,63817
10571,48445
34254,70750
23245,60006
21022,57847
22404,59209
34021,70519
7447,45435
19945,56801
14314,52024
32309,68869
19152,56030
25692,62401
30450,67072
11730,49582
2703,40774
18414,55281
33249,69773
31061,67669
35078,71548
34318,70814
8539,46483
37660,74059
21789,58606
2811,40880
29418,66052
38382,74728
31635,68219
11519,49373
9755,47667
32410,68966
4221,42282
4053,42114
29531,66163
16842,53727
13846,51564
34264,70760
34726,71210
30284,66908
18797,55681
12740,50517
6827,44835
12077,49923
27145,63820
27185,63860
26664,63347
28765,65409
14759,52496
19246,56120
12776,50551
19417,56287
24554,61289
27041,63716
17997,54872
34702,71186
17045,53928
3538,41599
14820,52551
16493,53410
33211,69737
29936,66564
29388,66022
14778,52511
11103,48965
20261,57098
30087,66711
9704,47627
38991,75325
11463,49317
3955,42016
37941,74338
31576,68168
2185,40266
31878,68456
28566,65214
19446,56316
11675,49529
35259,71727
35088,71558
20484,57317
10551,48427
21507,58328
11488,49342
38350,74696
29946,66574
32920,69470
10675,48541
34952,71422
14168,51880
33212,69738
18746,55630
28030,64682
9593,47520
21531,58352
30449,67071
12031,49877
7237,45229
29299,65935
29035,65673
36623,73048
18754,55638
37171,73582
13541,51305
30236,66860
20681,57510
17494,54373
13736,51459
20891,57720
27618,64289
8090,46050
12614,50393
36455,72890
28851,65491
4184,42245
27178,63853
27017,63692
10526,48402
24195,60934
38384,74730
1097,39185
12608,50387
29403,66037
16900,53785
22587,59390
5347,43373
10240,48140
13123,50891
1771,39851
7622,45607
11567,49421
19912,56768
5074,43121
28040,64692
38518,74858
17018,53901
29690,66322
10614,48484
15987,53249
30105,66729
7028,45028
17674,54553
18858,55742
2954,41023
3567,41628
34948,71418
21664,58485
27659,64328
18686,55572
5792,43812
21036,57859
33250,69774
34621,71107
37101,73516
4448,42507
21102,57925
19103,55981
26618,63305
11894,49740
28423,65071
25695,62404
29672,66304
31562,68154
21894,58711
1385,39473
14404,52112
8788,46728
37405,73812
8591,46531
38687,75025
7252,45244
26638,63323
29059,65697
36134,72583
4195,42256
20849,57678
22004,58815
7349,45339
26259,62956
13164,50932
21563,58384
29103,65741
6154,44174
14094,51806
20572,57405
15780,53213
29496,66130
20552,57385
29810,66440
37082,73497
32857,69407
8697,46637
3725,41786
24932,61659
7040,45038
26218,62917
23828,60571
29030,65668
8281,46233
18112,54987
31842,68420
31321,67919
13938,51656
14550,52254
4210,42271
5867,43887
35600,72059
38612,74950
24906,61635
3444,41505
16467,53393
19603,56463
35867,72318
31301,67899
17999,54874
12924,50699
16603,53502
6815,44823
29286,65922
17301,54180
29279,65915
13087,50855
1467,39556
23663,60410
25394,62113
31621,68207
30226,66850
1348,39438
36414,72851
22675,59476
34550,71038
7128,45120
21632,58453
32491,69045
20990,57815
21907,58722
38438,74780
26380,63071
20523,57356
35545,72008
37924,74321
9130,47064
2893,40961
37129,73542
22269,59076
24296,61035
34916,71390
12868,50643
32606,69158
28034,64686
29029,65667
4548,42605
30728,67346
38595,74935
8357,46305
28267,64917
33830,70334
15069,52796
23613,60360
1555,39642
21940,58753
27958,64612
2842,40911
17608,54487
32732,69284
24501,61238
21745,58564
17274,54153
16889,53774
31710,68290
14087,51801
30109,66733
30595,67215
11083,48945
19850,56706
21616,58437
35710,72165
24905,61634
13224,50992
36564,72995
13572,51334
27369,64044
23801,60546
31872,68450
35257,71725
11719,49571
25816,62523
5337,43363
23582,60331
31045,67653
32023,68597
10204,48104
6620,44632
38469,74809
29853,66481
13179,50947
21966,58779
36086,72535
7487,45474
22974,59755
16939,53822
38268,74632
10888,48750
15609,53156
33731,70237
30442,67064
18597,55483
38060,74453
22676,59477
27645,64314
27216,63891
31578,68170
19916,56772
17630,54509
20921,57748
11445,49299
16495,53412
25916,62621
4765,42818
22935,59720
1764,39843
19398,56270
35786,72239
35738,72191
13859,51577
35455,71924
4049,42110
12487,50280
17585,54464
30566,67186
26131,62834
11495,49349
2798,40867
10987,48849
37159,73570
29563,66195
14236,51948
19395,56267
28396,65044
11101,48963
11411,49265
27165,63840
36465,72900
31881,68459
18131,55004
29410,66044
21640,58461
23786,60533
25776,62483
32300,68860
24027,60768
12243,50054
20193,57030
17568,54447
11092,48954
3170,41235
19456,56326
13978,51696
18222,55093
3992,42053
29361,65997
30070,66694
23944,60685
25996,62699
3790,41851
3468,41529
36485,72920
10773,48637
24208,60947
32717,69269
20914,57741
21510,58331
29552,66184
17671,54550
28286,64934
14053,51771
37467,73870
21637,58458
31854,68432
37879,74276
20035,56887
12959,50732
2698,40769
17265,54144
11613,49467
8140,46098
8521,46467
11626,49480
30461,67083
6399,44419
30947,67563
11395,49249
29581,66213
15778,53211
18793,55677
29438,66072
38311,74663
12853,50628
37747,74146
19837,56693
35532,71997
37485,73888
31518,68112
34527,71015
24077,60818
13021,50794
1636,39721
31192,67798
7039,45037
5719,43739
5397,43421
5707,43727
12966,50739
14828,52559
3829,41890
4950,42997
25041,61768
2747,40818
31732,68312
26882,63563
3530,41591
9138,47072
4058,42119
18324,55193
5298,43324
9873,47783
20404,57239
21490,58311
34939,71411
1096,39184
17938,54815
27173,63848
5997,44017
13430,51198
31882,68460
34791,71271
22946,59729
18211,55082
28481,65129
5620,43640
25926,62631
30856,67472
3572,41633
34464,70954
21591,58412
22003,58814
6693,44701
33938,70436
6020,44040
29362,65998
27172,63847
27653,64322
33528,70042
18102,54977
31231,67831
16618,53517
27603,64274
22534,59337
28205,64855
10190,48090
13578,51340
20470,57305
3282,41343
2799,40868
31081,67689
17991,54866
37113,73526
7486,45473
18142,55015
25630,62341
36353,72790
10504,48380
21028,57853
12252,50063
23057,59833
24743,61476
19063,55943
22992,59773
20276,57113
26115,62818
31002,67614
18768,55652
22116,58925
20954,57781
18135,55008
13546,51310
37555,73956
8556,46500
20238,57075
32501,69055
24399,61138
16473,53396
26532,63221
7759,45741
5125,43169
3562,41623
16882,53767
3652,41713
27972,64624
3357,41418
32481,69035
6011,44031
36576,73007
20593,57426
13153,50921
23608,60355
22586,59389
1654,39737
3295,41356
27575,64246
8180,46136
23365,60114
4010,42071
16580,53484
26801,63482
8217,46169
7879,45841
5575,43595
29459,66093
23926,60667
14742,52478
4207,42268
32344,68904
11946,49792
14202,51914
36954,73373
18152,55025
32723,69275
7866,45834
10239,48139
6028,44048
29618,66250
34155,70651
26782,63463
19951,56807
12247,50058
14599,52301
25783,62490
28311,64959
7633,45618
21467,58288
31905,68481
32483,69037
17001,53884
10251,48151
34512,71000
11660,49514
34333,70829
25726,62433
33939,70437
10483,48361
8179,46135
24322,61061
28285,64933
2709,40778
31612,68200
23566,60315
34372,70866
30264,66888
1390,39478
19355,56229
2704,40775
7076,45072
34614,71100
29127,65763
24081,60822
38379,74725
38301,74656
2404,40481
37439,73842
3171,41236
13349,51117
38715,75053
24321,61060
37544,73945
10295,48195
6618,44630
29212,65848
14276,51988
22790,59583
13163,50931
28817,65459
5795,43815
6072,44092
31896,68472
34971,71441
11750,49602
5618,43638
19858,56714
28883,65523
6126,44146
30867,67483
37383,73792
34541,71029
27040,63715
34642,71128
24071,60812
32593,69145
32773,69325
32097,68663
29460,66094
33064,69610
22927,59712
20392,57227
24157,60896
7881,45843
6494,44512
36771,73196
24146,60887
35265,71733
35749,72202
34707,71191
7016,45016
32031,68605
36337,72774
19652,56512
34904,71380
26085,62788
16960,53843
34310,70806
19056,55936
32455,69009
35436,71905
26436,63127
7664,45650
31333,67931
16299,53357
19208,56084
36275,72716
17965,54840
5198,43240
27146,63821
12093,49939
11333,49189
23297,60058
30269,66893
34876,71352
31099,67705
18334,55203
31292,67890
37547,73948
17013,53896
19713,56573
37955,74352
36420,72857
10812,48676
20471,57306
13040,50810
6157,44177
13706,51429
16345,53361
18140,55013
9548,47477
33686,70194
37865,74262
26837,63518
12717,50494
27607,64278
37070,73485
35875,72326
23449,60198
16069,53289
34756,71238
22458,59263
23082,59854
38260,74624
14249,51961
33680,70190
37675,74074
12214,50025
22429,59234
16612,53511
33451,69969
11017,48879
26484,63175
18905,55787
12411,50222
6557,44573
5717,43737
27805,64473
23028,59804
19750,56608
15648,53174
35779,72232
11648,49502
6682,44690
32468,69022
24919,61646
20080,56930
20318,57153
27004,63679
20400,57235
20497,57330
28422,65070
13199,50967
4048,42109
28762,65406
10323,48223
17041,53924
20044,56896
25863,62570
11550,49404
26288,62981
21999,58810
26176,62877
11649,49503
23505,60254
19283,56157
19624,56484
6034,44054
13371,51139
19096,55974
5470,43494
13028,50801
14385,52095
4272,42333
38693,75031
14264,51976
29785,66415
18974,55856
18296,55165
37044,73459
15505,53100
24334,61073
37163,73574
29688,66320
21357,58178
12939,50712
29945,66573
19494,56360
8524,46470
33768,70274
30435,67057
19418,56288
16436,53386
38383,74729
32399,68955
29226,65862
30996,67608
28880,65520
2783,40854
32566,69118
32375,68933
2681,40752
34100,70596
19094,55972
31181,67787
8195,46149
24155,60894
27141,63816
18173,55046
22569,59372
25410,62129
8601,46541
12061,49907
17247,54128
26366,63057
33541,70055
4225,42286
31141,67747
37925,74322
6455,44475
34208,70704
29234,65870
20551,57384
19426,56296
29990,66616
36586,73015
13168,50936
33901,70401
33290,69814
22187,58996
34168,70664
18023,54898
13435,51203
29811,66441
23042,59818
35686,72143
29369,66005
32726,69278
29659,66291
3809,41870
36176,72623
10258,48158
23621,60368
36248,72691
30273,66897
7145,45137
13364,51132
28026,64678
25847,62554
1927,40008
37448,73851
31567,68159
18412,55279
25995,62698
18228,55099
35571,72030
23654,60401
13836,51554
35470,71939
32405,68961
36308,72747
37178,73589
33188,69716
17570,54449
13730,51453
10545,48421
25908,62613
17933,54810
24040,60781
12921,50696
17571,54450
12860,50635
12068,49914
22225,59034
37475,73878
3825,41886
15418,53058
28458,65106
5935,43955
1296,39384
23073,59847
24317,61056
35320,71788
22305,59112
5742,43762
20846,57675
35062,71532
6794,44802
4209,42270
27456,64129
3583,41644
5308,43334
27651,64320
17732,54611
14234,51946
12407,50218
28493,65141
32529,69081
18048,54923
28757,65401
17574,54453
31616,68202
23138,59908
9614,47541
1562,39649
9018,46952
36066,72515
5646,43666
26258,62955
11058,48920
34143,70639
8551,46495
8525,46471
34797,71277
33602,70114
10909,48771
11940,49786
18946,55828
24070,60811
35452,71921
29365,66001
14596,52298
19719,56579
37107,73520
32087,68655
34408,70898
21527,58348
20868,57697
26474,63165
23604,60351
34548,71036
8486,46434
11402,49256
18684,55570
26625,63312
27003,63678
32599,69151
18675,55561
37762,74161
33325,69847
15839,53227
2900,40968
29296,65932
24955,61682
21387,58208
38366,74712
24933,61660
36482,72917
28557,65205
6968,44974
20985,57810
20505,57338
1542,39629
37120,73533
38403,74749
30802,67420
26448,63139
31028,67638
23440,60189
17230,54111
17904,54781
27473,64146
26909,63586
2484,40561
17074,53957
10297,48197
23152,59922
24232,60971
34529,71017
7083,45079
23509,60258
1103,39191
9825,47737
12114,49960
31620,68206
38686,75024
35724,72179
4137,42198
34245,70741
33181,69709
13782,51503
28705,65349
6452,44472
30439,67061
5476,43500
38319,74671
5652,43672
27175,63850
36306,72745
14770,52503
25373,62092
14696,52398
12677,50454
28691,65335
35587,72046
9691,47614
23179,59949
31297,67895
23536,60285
1343,39433
11672,49526
24013,60754
5556,43576
21025,57850
26670,63353
21179,58000
12790,50565
26511,63200
12242,50053
1655,39738
30872,67488
35741,72194
18985,55867
34799,71279
9719,47640
11437,49291
20966,57791
2849,40919
19997,56851
34040,70538
22989,59770
12758,50535
9606,47533
22784,59579
23931,60672
5608,43628
18808,55692
15587,53143
19079,55959
27961,64615
25583,62300
12610,50389
28731,65375
20951,57778
18002,54877
12065,49911
23158,59928
11244,49100
26755,63436
8578,46520
8796,46734
37848,74245
15890,53236
27660,64329
5370,43394
4191,42252
2952,41021
28349,64997
30225,66849
29674,66306
18301,55170
26432,63123
12898,50673
19645,56505
31545,68137
25915,62620
32544,69096
9801,47713
11095,48957
20195,57032
3833,41894
37387,73796
18128,55001
24883,61616
33882,70382
34751,71233
23989,60730
13713,51436
14010,51728
26717,63398
7454,45441
27018,63693
19354,56228
21768,58585
30437,67059
20115,56963
28380,65028
18043,54918
9571,47500
33300,69824
24535,61272
16877,53762
33151,69689
35664,72121
13121,50889
21712,58531
5075,43122
35617,72074
24910,61639
20287,57122
25061,61788
12209,50020
35892,72343
2413,40490
19545,56409
15469,53091
17702,54581
8712,46652
29229,65865
13172,50940
12199,50010
10900,48762
13806,51524
18422,55289
32106,68670
27202,63877
29965,66591
12442,50251
31096,67702
7873,45838
31901,68477
35687,72144
29673,66305
14702,52404
25975,62678
35755,72208
13394,51162
38219,74598
13433,51201
2402,40479
37880,74277
18592,55478
38852,75188
25627,62338
28010,64662
34754,71236
28749,65393
3356,41417
37548,73949
29706,66338
16909,53794
35330,71799
28596,65244
17627,54506
13711,51434
23929,60670
10882,48744
21544,58365
30203,66827
6273,44293
31072,67680
23885,60626
23113,59883
19216,56092
4390,42451
18770,55654
2417,40494
26143,62844
19557,56421
16768,53653
2782,40853
17025,53908
29104,65742
27132,63807
10498,48374
16385,53380
11640,49494
10217,48117
22039,58850
12197,50008
22688,59489
25580,62297
5604,43624
17942,54819
19905,56761
3300,41361
26669,63352
21560,58381
16856,53741
37657,74056
27724,64393
19118,55996
22433,59238
27239,63914
3852,41913
21183,58004
20154,57000
28404,65052
9680,47605
23655,60402
25880,62585
21698,58517
29219,65855
21030,57855
23945,60686
29822,66452
38362,74708
6517,44533
19511,56377
35826,72277
29584,66216
32281,68841
26865,63546
38486,74826
32767,69319
31832,68410
21558,58379
8080,46040
34534,71022
26043,62746
15283,53010
7064,45060
21569,58390
34787,71267
10562,48438
29792,66422
29439,66073
11383,49237
9544,47473
35269,71737
29199,65835
9701,47624
6394,44414
30298,66922
3172,41237
21568,58389
35049,71519
2834,40903
5300,43326
29233,65869
34059,70557
11787,49637
26743,63424
18810,55694
6957,44963
5686,43706
1642,39725
27228,63903
4279,42340
24326,61065
9624,47551
18663,55549
4417,42478
9640,47567
35798,72251
37662,74061
35607,72066
38601,74941
13775,51496
5593,43613
33508,70024
17606,54485
3722,41783
9017,46951
28264,64914
34351,70845
2864,40934
26307,63000
29240,65876
26306,62999
29440,66074
21592,58413
24371,61110
20369,57204
4352,42413
26852,63533
8192,46146
37212,73623
8071,46031
10581,48455
30128,66752
16934,53817
27122,63797
18015,54890
3612,41673
5659,43679
10188,48088
33121,69663
13620,51378
11462,49316
20216,57053
27364,64039
7634,45619
2756,40827
33128,69670
21710,58529
30091,66715
26070,62773
33473,69991
8050,46010
11566,49420
38070,74463
26067,62770
27373,64048
28729,65373
22425,59230
29676,66308
9697,47620
33458,69976
13003,50776
35297,71765
8170,46126
18249,55120
32838,69390
36950,73369
21064,57887
17906,54783
23554,60303
25617,62330
19869,56725
13623,51381
26021,62724
19531,56395
9833,47745
7430,45418
8868,46804
20354,57189
10489,48365
11785,49635
16663,53548
16938,53821
3639,41700
21521,58342
31065,67673
34651,71137
17625,54504
20826,57655
32219,68783
9023,46957
28876,65516
27566,64237
34429,70919
28801,65445
13980,51698
18056,54931
37979,74376
29044,65682
36157,72606
28755,65399
38190,74578
27045,63720
13609,51371
38390,74736
37205,73616
36056,72505
22938,59723
33715,70221
10500,48376
36220,72667
16904,53789
13991,51709
12810,50585
1487,39576
33847,70349
29821,66451
26000,62703
14272,51984
3270,41331
21574,58395
21898,58715
20462,57297
21497,58318
22934,59719
35487,71956
30795,67413
17163,54044
4217,42278
20558,57391
32077,68645
17647,54526
2396,40473
30972,67586
22186,58995
18311,55180
1363,39451
18385,55254
34956,71426
34547,71035
10782,48646
12235,50046
36459,72894
9992,47898
19133,56011
9020,46954
28390,65038
21948,58761
18024,54899
18189,55062
7115,45109
30602,67222
39081,75413
34624,71110
31182,67788
5728,43748
33408,69928
8562,46506
21388,58209
11225,49081
23325,60082
11043,48905
35982,72431
37840,74237
4625,42682
22735,59532
14609,52311
7167,45159
11595,49449
21634,58455
20519,57352
21181,58002
32545,69097
29854,66482
34410,70900
26601,63290
37193,73604
4428,42487
29420,66054
10707,48571
28913,65553
7058,45054
9675,47600
22060,58871
3840,41901
8703,46643
37954,74351
38527,74867
10024,47928
35885,72336
21944,58757
5464,43488
21003,57828
3033,41100
20895,57724
13840,51558
26836,63517
28725,65369
35900,72349
16602,53501
23826,60569
27577,64248
2750,40821
31306,67904
25714,62421
29293,65929
34444,70934
25956,62659
35061,71531
18089,54964
25811,62518
15625,53163
36085,72534
25382,62101
23173,59943
5650,43670
32423,68979
27726,64395
33215,69741
7163,45155
35131,71601
35071,71541
18003,54878
11636,49490
19071,55951
37099,73514
5430,43454
22227,59036
26473,63164
23797,60544
27813,64481
13065,50833
11259,49115
35402,71871
21618,58439
7627,45612
26206,62905
29432,66066
17800,54677
30251,66875
18190,55063
17711,54590
37948,74345
23059,59835
32101,68667
14720,52458
27488,64161
18236,55107
13985,51703
24604,61337
12849,50624
27657,64326
33743,70249
38191,74579
13759,51482
27915,64571
26680,63363
31819,68397
21093,57916
33117,69661
21590,58411
14377,52087
23036,59812
35354,71823
31351,67949
29524,66158
38995,75329
19212,56088
27862,64524
15867,53231
13552,51316
34869,71345
17027,53910
37190,73601
19409,56279
11726,49578
38220,74599
18319,55188
3146,41211
10644,48514
17039,53922
32720,69272
20953,57780
19413,56283
37652,74051
12813,50588
14584,52288
3743,41804
29028,65666
37429,73834
23326,60083
11283,49139
20981,57806
20393,57228
35472,71941
3441,41502
2981,41050
31447,68041
18223,55094
12789,50564
4190,42251
34950,71420
28887,65527
24596,61329
22079,58890
37438,73841
13025,50798
24674,61407
33546,70060
22256,59063
35706,72161
22795,59588
21688,58507
23863,60604
35887,72338
14042,51760
22098,58909
7824,45804
22773,59568
37460,73863
32750,69302
21401,58222
11582,49436
4441,42500
20901,57730
31542,68134
29412,66046
13501,51265
29654,66286
10792,48656
37462,73865
25506,62223
21960,58773
31529,68121
1366,39454
16085,53293
22435,59240
33652,70162
18677,55563
26784,63465
18318,55187
14822,52553
26409,63100
3928,41989
22973,59754
28402,65050
26496,63185
9162,47096
13029,50802
37424,73829
15302,53026
13114,50882
26776,63457
19510,56376
21798,58615
22916,59703
21508,58329
7895,45855
21396,58217
24558,61293
32558,69110
3857,41918
8121,46081
22995,59776
10343,48243
30234,66858
22104,58913
33282,69806
18546,55413
15802,53223
20674,57505
35659,72116
14821,52552
28702,65346
24814,61547
18722,55606
9175,47109
29678,66310
9756,47668
2345,40422
28441,65089
24116,60857
1517,39606
16605,53504
37677,74076
35496,71963
3827,41888
17016,53899
35754,72207
24553,61288
17057,53940
14290,52002
5451,43475
5697,43717
16635,53531
35680,72137
18555,55422
6617,44629
20129,56975
13543,51307
6833,44841
2670,40741
24119,60860
35912,72361
21365,58186
11592,49446
24668,61401
10269,48169
35552,72013
28605,65253
28670,65314
21099,57922
10631,48501
24397,61136
7496,45481
26025,62728
30179,66803
9913,47819
24567,61302
33825,70329
32446,69002
24393,61132
18876,55760
26080,62783
30410,67032
7286,45278
18282,55151
38512,74852
31111,67717
34858,71336
28919,65559
27725,64394
23913,60654
26194,62893
3868,41929
23283,60044
34656,71142
20514,57347
26677,63360
10344,48244
3730,41791
8623,46563
19977,56833
12140,49974
38487,74827
34885,71361
29695,66327
36287,72728
24405,61142
11502,49356
36187,72634
10187,48087
7318,45310
19865,56721
33535,70049
21578,58399
4202,42263
25654,62365
2416,40493
28011,64663
10046,47948
37194,73605
6064,44084
26676,63359
17598,54477
2857,40927
4546,42603
7825,45805
10315,48215
17708,54587
1353,39443
15796,53220
13607,51369
7420,45408
10643,48513
31851,68429
32051,68619
16651,53536
13492,51256
30753,67371
34107,70603
15707,53188
32386,68944
5438,43462
8240,46192
29141,65777
34034,70532
12086,49932
28623,65269
23899,60640
31679,68261
31739,68319
32059,68627
22922,59707
22739,59536
30765,67383
28793,65437
5314,43340
18410,55277
30717,67335
12720,50497
24374,61113
28276,64926
28526,65174
23665,60412
12656,50433
29504,66138
38372,74718
18358,55227
37562,73963
21626,58447
23039,59815
16975,53858
15426,53063
36259,72700
28491,65139
14231,51943
25972,62675
3319,41380
4338,42399
1523,39612
37455,73858
23485,60234
22978,59759
36559,72990
31985,68559
11931,49777
15605,53152
3062,41129
19961,56817
24038,60779
29453,66087
4664,42721
19686,56546
27123,63798
36970,73387
37534,73935
37482,73885
13472,51236
21463,58284
32232,68796
16147,53313
35048,71518
14802,52533
23651,60398
38392,74738
18975,55857
25946,62651
25031,61758
20006,56860
19046,55926
4178,42239
38170,74561
7422,45410
3878,41939
9603,47530
17629,54508
26817,63498
1938,40019
34332,70828
3474,41535
29942,66570
15463,53085
20058,56910
33457,69975
23336,60093
17698,54577
21114,57935
34713,71197
19530,56394
30598,67218
9759,47671
38492,74832
11414,49268
19091,55969
7624,45609
37491,73894
17987,54862
3897,41958
6641,44653
38048,74441
23995,60736
18248,55119
23060,59836
21887,58704
12747,50524
33654,70164
2694,40765
17636,54515
18590,55476
28275,64925
35096,71566
4413,42474
30820,67436
28577,65225
22920,59705
38065,74458
27853,64515
28927,65567
25585,62302
20109,56957
18391,55260
20932,57759
33918,70416
30695,67313
30479,67101
25587,62304
35553,72014
5533,43553
30463,67085
2697,40768
14579,52283
5303,43329
6083,44103
19987,56843
11691,49545
20892,57721
25912,62617
25950,62653
24560,61295
25333,62054
35883,72334
18659,55545
20358,57193
29670,66302
13740,51463
19020,55900
22984,59765
10195,48095
28293,64941
6155,44175
23148,59918
5711,43731
20515,57348
20237,57074
22189,58998
10578,48452
24818,61551
6493,44511
36017,72466
11104,48966
35696,72151
24309,61048
30408,67030
27612,64283
28794,65438
12100,49946
27981,64633
2407,40484
10502,48378
7020,45020
4673,42730
7466,45453
27602,64273
5623,43643
5428,43452
32570,69122
21029,57854
25962,62665
37404,73811
32531,69083
32348,68908
26003,62706
11708,49560
11038,48900
3787,41848
30723,67341
28312,64960
25661,62372
27988,64640
26340,63031
22239,59046
16036,53274
5657,43677
20460,57295
4156,42217
29611,66243
21100,57923
26427,63118
19227,56101
15659,53182
19999,56853
32013,68587
12648,50425
15630,53165
2814,40883
24153,60892
25355,62076
26215,62914
23133,59903
34944,71414
31146,67752
10597,48469
25983,62686
23004,59784
1367,39455
20025,56879
28334,64982
13509,51273
21643,58464
8257,46209
19424,56294
32185,68749
31094,67700
9594,47521
13207,50975
7259,45251
36257,72698
20878,57707
2729,40799
11483,49337
34880,71356
38505,74845
32467,69021
23782,60529
34109,70605
26068,62771
4201,42262
29191,65827
36849,73274
19642,56502
38044,74437
31358,67956
22284,59091
35373,71842
33141,69681
11587,49441
19399,56271
31883,68461
31438,68034
28891,65531
21026,57851
25364,62083
29122,65758
7632,45617
11337,49193
3155,41220
22424,59229
2989,41058
26244,62943
30393,67015
13105,50873
29621,66253
1492,39581
33889,70389
21669,58490
28234,64884
20321,57156
7092,45088
31554,68146
8577,46519
26182,62883
35802,72255
34747,71229
32264,68826
24312,61051
18644,55530
37974,74371
25918,62623
22235,59042
10560,48436
6532,44548
23992,60733
32852,69404
25349,62070
15375,53042
24594,61327
8779,46719
19563,56427
37820,74217
38398,74744
32210,68774
15872,53233
5972,43992
30986,67598
3173,41238
7166,45158
11122,48982
36051,72500
23860,60601
31986,68560
20331,57166
19032,55912
8162,46118
17655,54534
32021,68595
19058,55938
6488,44506
35874,72325
38503,74843
27375,64050
34428,70918
21098,57921
25990,62693
11407,49261
37919,74316
18018,54893
4381,42442
26501,63190
1322,39411
8158,46114
9595,47522
5371,43395
24815,61548
26807,63488
20485,57318
19025,55905
14791,52522
25046,61773
18186,55059
30842,67458
22689,59490
31874,68452
8878,46814
24532,61269
15126,52853
16292,53350
17162,54043
26037,62740
35434,71903
22945,59728
28531,65179
23541,60290
20254,57091
32034,68608
1907,39988
25765,62472
22090,58901
12580,50359
22969,59750
24323,61062
33717,70223
16149,53315
23137,59907
31324,67922
26136,62839
16659,53544
28012,64664
17727,54606
37110,73523
35651,72108
26105,62808
13691,51416
25802,62509
25737,62444
19074,55954
6112,44132
9134,47068
14050,51768
17489,54368
31212,67816
3871,41932
12589,50368
21740,58559
34685,71169
26060,62763
22230,59039
29594,66226
30196,66820
4320,42381
37086,73501
10585,48459
33942,70440
38422,74768
4208,42269
22430,59235
15402,53051
3248,41309
4774,42827
22738,59535
11389,49243
24917,61644
13174,50942
11401,49255
29713,66345
30844,67460
36296,72735
11577,49431
16650,53535
11006,48868
10710,48574
30426,67048
32246,68810
5453,43477
19722,56582
17281,54160
17893,54770
34654,71140
9547,47476
37088,73503
16952,53835
34279,70775
29363,65999
16972,53855
2873,40943
34648,71134
9883,47791
33845,70347
24185,60924
30440,67062
35424,71893
35872,72323
18238,55109
17733,54612
20266,57103
8627,46567
32346,68906
18077,54952
21541,58362
33604,70116
14248,51960
26026,62729
34501,70989
11493,49347
3616,41677
19515,56381
30432,67054
28344,64992
36014,72463
31033,67643
1933,40014
8107,46067
7444,45432
38347,74693
14268,51980
35660,72117
28574,65222
6100,44120
15454,53082
29647,66279
26053,62756
20011,56865
11944,49790
12674,50451
20915,57742
33696,70204
21542,58363
14043,51761
8086,46046
37148,73561
20467,57302
35825,72276
19295,56169
35565,72026
26050,62753
15425,53062
23357,60106
26081,62784
25852,62559
14554,52258
18061,54936
12182,49993
28295,64943
28804,65448
19249,56123
14562,52266
20483,57316
35769,72222
28232,64882
28785,65429
20982,57807
33272,69796
5492,43514
27276,63951
3837,41898
26088,62791
33870,70372
7160,45152
33623,70133
1967,40048
11945,49791
22791,59584
24096,60837
28077,64727
27907,64563
30157,66781
37543,73944
19981,56837
33924,70422
29209,65845
33869,70371
22532,59335
23942,60683
8028,45988
29835,66465
12590,50369
21185,58006
18028,54903
11018,48880
5095,43140
36456,72891
19487,56355
19970,56826
23973,60714
8792,46730
22421,59226
25039,61766
7446,45434
24239,60978
34936,71408
30433,67055
35041,71511
19447,56317
10995,48857
26212,62911
27233,63908
15124,52851
2929,40998
35990,72439
11078,48940
35916,72365
19854,56710
4442,42501
6521,44537
35063,71533
16857,53742
14583,52287
11792,49642
17156,54037
15557,53119
6293,44313
11301,49157
17688,54567
33175,69705
39061,75395
18815,55699
35829,72280
26010,62713
23615,60362
7745,45727
19308,56182
22306,59113
23657,60404
38011,74404
19989,56845
17254,54135
34147,70643
33418,69938
15631,53166
19995,56849
28697,65341
24740,61473
37930,74327
29251,65887
3163,41228
12873,50648
22118,58927
10250,48150
32863,69413
28646,65292
1776,39856
17697,54576
13860,51578
1838,39918
31001,67613
36170,72617
19044,55924
18245,55116
18394,55263
18415,55282
25736,62443
33569,70083
7425,45413
10701,48565
21048,57871
33140,69680
13444,51210
19922,56778
13389,51157
22985,59766
7781,45763
34825,71303
19609,56469
23010,59788
26489,63180
37388,73797
16170,53330
21509,58330
12612,50391
7278,45270
19038,55918
13593,51355
11443,49297
10321,48221
31251,67851
23193,59959
12273,50084
20381,57216
30249,66873
25035,61762
34174,70670
28790,65434
7821,45801
26681,63364
35881,72332
15464,53086
13392,51160
26745,63426
3183,41248
35725,72180
25420,62139
35332,71801
22319,59126
29409,66043
36542,72975
1093,39181
19018,55898
35543,72006
7251,45243
30242,66866
30214,66838
26342,63033
31885,68463
31539,68131
11394,49248
37114,73527
5117,43160
31199,67805
28214,64864
38489,74829
34652,71138
33876,70378
22931,59716
26826,63507
3234,41295
34338,70834
30295,66919
16295,53353
34962,71432
17703,54582
13319,51087
31711,68291
3940,42001
21651,58472
23611,60358
25622,62335
36125,72574
27808,64476
10600,48472
16479,53399
31219,67821
12204,50015
5432,43456
19917,56773
20883,57712
13085,50853
22326,59133
4451,42510
9051,46985
26341,63032
27113,63788
26606,63295
21866,58683
22911,59698
28350,64998
32540,69092
1554,39641
28645,65291
9655,47582
29000,65638
6279,44299
7134,45126
24074,60815
33114,69658
26705,63386
21900,58717
34525,71013
18535,55402
34777,71257
26410,63101
35080,71550
35271,71739
32861,69411
22671,59472
16894,53779
21038,57861
34958,71428
24916,61643
38442,74784
26444,63135
36116,72565
8553,46497
16490,53407
38992,75326
6384,44404
26871,63552
30969,67583
26692,63375
5960,43980
21601,58422
23631,60378
28835,65475
21692,58511
7081,45077
27299,63974
18679,55565
8353,46303
13477,51241
36340,72777
37837,74234
23496,60245
32900,69450
31593,68183
21771,58588
8058,46018
35690,72147
18176,55049
11573,49427
2711,40780
27472,64145
15997,53253
28962,65600
20211,57048
33766,70272
27884,64546
29516,66150
26651,63334
3712,41773
38134,74525
28673,65317
22999,59779
12893,50668
19631,56491
15058,52785
29102,65740
7317,45309
26123,62826
17557,54436
24166,60905
22208,59017
11034,48896
21884,58701
18564,55431
36260,72701
25760,62467
12877,50652
8069,46029
27348,64023
23341,60098
10231,48131
17380,54259
28397,65045
14687,52389
11606,49460
21037,57860
22204,59013
14839,52570
15487,53094
10676,48542
35474,71943
36128,72577
11049,48911
30819,67435
13380,51148
11917,49763
24054,60795
33251,69775
11727,49579
33228,69754
38336,74682
37417,73824
32513,69067
30848,67464
17583,54462
18965,55847
31062,67670
37949,74346
26507,63196
38701,75039
2859,40929
22734,59531
14225,51937
8092,46052
5586,43606
31847,68425
12992,50765
4354,42415
31326,67924
20134,56980
10330,48230
31656,68238
13590,51352
35404,71873
6593,44607
22950,59733
26248,62945
1772,39852
12803,50578
1488,39577
11536,49390
9987,47893
38013,74406
7734,45716
9887,47795
18856,55740
21935,58748
26803,63484
22452,59257
18147,55020
31107,67713
24948,61675
30835,67451
18388,55257
35880,72331
20215,57052
23469,60218
12668,50445
2777,40848
33638,70148
29646,66278
22936,59721
30909,67525
28002,64654
3769,41830
24819,61552
11864,49710
25701,62410
38327,74676
21886,58703
15741,53198
32812,69364
11296,49152
9132,47066
13812,51530
30722,67340
36531,72964
28693,65337
36011,72460
1553,39640
25724,62431
1318,39407
20077,56927
36929,73348
22552,59355
6650,44660
34346,70842
34723,71207
8699,46639
34374,70868
32254,68816
35100,71570
23843,60584
26481,63172
17613,54492
7469,45456
28496,65144
36569,73000
3697,41758
30088,66712
16609,53508
31860,68438
6642,44654
18333,55202
7052,45048
7351,45341
16980,53863
34098,70594
12095,49941
14603,52305
32578,69130
30217,66841
12432,50243
23470,60219
4110,42171
19883,56739
31736,68316
30906,67522
32195,68759
7315,45307
11948,49794
20910,57737
18534,55401
3632,41693
37640,74039
25825,62532
20498,57331
25930,62635
23815,60560
16888,53773
12430,50241
21294,58115
13327,51095
7102,45098
6666,44676
23830,60573
15168,52895
23145,59915
35382,71851
33096,69642
31893,68471
19296,56170
36935,73354
17072,53955
36583,73012
10891,48753
1294,39382
12751,50528
5523,43543
4634,42691
19454,56324
34412,70902
20538,57371
21945,58758
3517,41578
20270,57107
35793,72246
25911,62616
35057,71527
1315,39404
3690,41751
11369,49223
5648,43668
29966,66592
5398,43422
14388,52098
27266,63941
21097,57920
33070,69616
24100,60841
14807,52538
24056,60797
25430,62149
38516,74856
3080,41147
26685,63368
2193,40274
20403,57238
34714,71198
13485,51249
9778,47690
32374,68932
17422,54301
32460,69014
14004,51722
3289,41350
34285,70781
18795,55679
24008,60749
11680,49534
36289,72730
34329,70825
24956,61683
34511,70999
18586,55472
24881,61614
6703,44711
21072,57895
19725,56585
22954,59737
17658,54537
5324,43350
27896,64554
30725,67343
29202,65838
6074,44094
32177,68741
5383,43407
13948,51666
5714,43734
4349,42410
21415,58236
6433,44453
6713,44721
19256,56130
2831,40900
7696,45680
16127,53302
33443,69961
20855,57684
21389,58210
36510,72943
21015,57840
23140,59910
37992,74387
16742,53627
4644,42701
29985,66611
24424,61161
20873,57702
38133,74524
13735,51458
5877,43897
31214,67818
32485,69039
29070,65708
37392,73801
11036,48898
29283,65919
13201,50969
30454,67076
32710,69262
14177,51889
33278,69802
9036,46970
6002,44022
17089,53972
18771,55655
34170,70666
27000,63675
19089,55967
26466,63157
13370,51138
24418,61155
19979,56835
20057,56909
31190,67796
28288,64936
29968,66594
35573,72032
28075,64725
21668,58489
3853,41914
31308,67906
6670,44678
21017,57842
8215,46167
29857,66485
11025,48887
38261,74625
1100,39188
3211,41274
19954,56810
11217,49073
4046,42107
30301,66925
28076,64726
26162,62863
38291,74649
34802,71282
20217,57054
10893,48755
29840,66470
27380,64055
35993,72442
18705,55591
18380,55249
19382,56254
34414,70904
5596,43616
17596,54475
30480,67102
15568,53130
23789,60536
34240,70736
22048,58859
16955,53838
3358,41419
23870,60611
21973,58786
11814,49662
37479,73882
19669,56529
19877,56733
38491,74831
5664,43684
29482,66116
26412,63103
8056,46016
34366,70860
11474,49328
22092,58903
25309,62032
13189,50957
22814,59605
32102,68668
27629,64299
35579,72038
12057,49903
7151,45143
16749,53634
30689,67307
21644,58465
32837,69389
12600,50379
19604,56464
33434,69952
17883,54760
11290,49146
25616,62329
30939,67555
1494,39583
28492,65140
14222,51934
4305,42366
31738,68318
12079,49925
35698,72153
29542,66174
6825,44833
30129,66753
16886,53771
21796,58613
7890,45852
7672,45658
3485,41546
24130,60871
16422,53384
25850,62557
19661,56521
14293,52005
21385,58206
8024,45984
7021,45021
11362,49216
29071,65709
32083,68651
1485,39574
4359,42420
10536,48412
1518,39607
19748,56606
14585,52289
31730,68310
6697,44705
23474,60223
19203,56079
29631,66263
23694,60441
9577,47506
24378,61117
28662,65308
7683,45669
35481,71950
18769,55653
14691,52393
17670,54549
6291,44311
17928,54805
28708,65352
11664,49518
19292,56166
13805,51523
32705,69257
28363,65011
27881,64543
11326,49182
34974,71444
24576,61311
19287,56161
1298,39386
9592,47519
16244,53341
20086,56936
1657,39740
12792,50567
14775,52508
1668,39751
34800,71280
21494,58315
37524,73925
8105,46065
21379,58200
18533,55400
27288,63963
18981,55863
12050,49896
37891,74288
13214,50982
38341,74687
30445,67067
3406,41467
30195,66819
23450,60199
31639,68223
4647,42704
26103,62806
7122,45116
38270,74634
8064,46024
8025,45985
9041,46975
27933,64587
25066,61793
32898,69448
25400,62119
17659,54538
29573,66205
32500,69054
25641,62352
26161,62862
12203,50014
30429,67051
32372,68930
20247,57084
2206,40287
38418,74764
31052,67660
24520,61257
18047,54922
29508,66142
27028,63703
30963,67577
9786,47698
27594,64265
17565,54444
25666,62377
20014,56868
16608,53507
14161,51873
34535,71023
28385,65033
18872,55756
7329,45319
33881,70381
8485,46433
14389,52099
27809,64477
25306,62029
23873,60614
32556,69108
30806,67424
16948,53831
11353,49207
32003,68577
7698,45682
37792,74191
35308,71776
25425,62144
34737,71219
35349,71818
33219,69745
28250,64900
35591,72050
7114,45108
23618,60365
5505,43527
9030,46964
25720,62427
12037,49883
23552,60301
29481,66115
13162,50930
5712,43732
18120,54995
31871,68449
28867,65507
28798,65442
23791,60538
18062,54937
14183,51895
31857,68435
22976,59757
37564,73965
5403,43427
13981,51699
2915,40984
3450,41511
11273,49129
18219,55090
31686,68268
30780,67398
25931,62636
29658,66290
17666,54545
36963,73382
38853,75189
6174,44194
26251,62948
17012,53895
27937,64591
29711,66343
21577,58398
5915,43935
30868,67484
14246,51958
28976,65614
18667,55553
28448,65096
37278,73689
23883,60624
9856,47766
12975,50748
17722,54601
30224,66848
29218,65854
27279,63954
32362,68922
5645,43665
27160,63835
2991,41060
34505,70993
6070,44090
35721,72176
13240,51008
11099,48961
11391,49245
8068,46028
13972,51690
27997,64649
12433,50244
19830,56686
23901,60642
35126,71596
27261,63936
20221,57058
28072,64722
3571,41632
2665,40736
14073,51789
23502,60251
37174,73585
26044,62747
14255,51967
33200,69728
23882,60623
25822,62529
25200,61927
25648,62359
22267,59074
16445,53389
11117,48977
35429,71898
35521,71986
21282,58103
30404,67026
5372,43396
5695,43715
23304,60063
26810,63491
36774,73199
34749,71231
21580,58401
2742,40812
5500,43522
9054,46988
32397,68953
17676,54555
6775,44783
13507,51271
26892,63571
13586,51348
3473,41534
5462,43486
18312,55181
18335,55204
23375,60124
37659,74058
34433,70923
38993,75327
20971,57796
36505,72940
6566,44582
13448,51214
9901,47807
5706,43726
11542,49396
21904,58719
18452,55319
20756,57585
28958,65596
17556,54435
33453,69971
20997,57822
17622,54501
29014,65652
21647,58468
36091,72540
11736,49588
5313,43339
12738,50515
31005,67617
27615,64286
8114,46074
14205,51917
5306,43332
32274,68836
26198,62897
27151,63826
27856,64518
12158,49983
18945,55827
31160,67766
27357,64032
17168,54049
25644,62355
21482,58303
28656,65302
2667,40738
39072,75406
16763,53648
22263,59070
33839,70341
26931,63606
30097,66721
2838,40907
8559,46503
7418,45406
25052,61779
4665,42722
21269,58090
11704,49556
13769,51490
32872,69422
18635,55521
26529,63218
11757,49609
35722,72177
30272,66896
27926,64580
30964,67578
7463,45450
12660,50437
3502,41563
32554,69106
10568,48442
8707,46647
32015,68589
33565,70079
13076,50844
27046,63721
35435,71904
37875,74272
2753,40824
22412,59217
29847,66477
10991,48853
19957,56813
4105,42166
9736,47648
16835,53720
27584,64255
19874,56730
29801,66431
20368,57203
32704,69256
34520,71008
31517,68111
34436,70926
13181,50949
10196,48096
6684,44692
36265,72706
2485,40562
6609,44623
6396,44416
23927,60668
29216,65852
21878,58695
2198,40279
27991,64643
19671,56531
9158,47092
12887,50662
13856,51574
13424,51192
29079,65717
1354,39444
32048,68616
27647,64316
23835,60578
29551,66183
32064,68632
15455,53083
29523,66157
26754,63435
35351,71820
7764,45746
5863,43883
19357,56231
12040,49886
17912,54789
1929,40010
25925,62630
33560,70074
13373,51141
33260,69784
16843,53728
18664,55550
26265,62960
24502,61239
17040,53923
6434,44454
33078,69624
11601,49455
28713,65357
26116,62819
20262,57099
37933,74330
6129,44149
18110,54985
31877,68455
23570,60319
1969,40050
21911,58726
37645,74044
36283,72724
19404,56274
30669,67287
26732,63413
38396,74742
38210,74592
22243,59050
21402,58223
19119,55997
12760,50537
37381,73790
21955,58768
15590,53146
25929,62634
25729,62436
19222,56098
21593,58414
23850,60591
35514,71979
11858,49704
30989,67601
3373,41434
19416,56286
8700,46640
29933,66561
14273,51985
19048,55928
10690,48554
21115,57936
8266,46218
10994,48856
7621,45606
5559,43579
6431,44451
10780,48644
20126,56972
22776,59571
18182,55055
28511,65159
31259,67859
23062,59838
21759,58578
14858,52589
31869,68447
3510,41571
11233,49089
11564,49418
28771,65415
31852,68430
22990,59771
22717,59518
8045,46005
34976,71446
19383,56255
34503,70991
22257,59064
5924,43944
16937,53820
10619,48489
19279,56153
19163,56039
4450,42509
31119,67725
20063,56913
31602,68190
35703,72158
3049,41116
13621,51379
33314,69836
11520,49374
17986,54861
20205,57042
30796,67414
10529,48405
25570,62287
33854,70356
23171,59941
5709,43729
34940,71412
27345,64020
37488,73891
29538,66170
35576,72035
22964,59745
28658,65304
23468,60217
13489,51253
23018,59796
1911,39992
15982,53247
10693,48557
13045,50815
22661,59462
27650,64319
15436,53073
15160,52887
3850,41911
36377,72814
2737,40807
13575,51337
6686,44694
24811,61544
29182,65818
17061,53944
10563,48439
30779,67397
11803,49653
36582,73011
4433,42492
35343,71812
9552,47481
3189,41254
15844,53229
37042,73457
12692,50469
8095,46055
32699,69251
16048,53280
35904,72353
20880,57709
5615,43635
8094,46054
37065,73480
19092,55970
29804,66434
33161,69697
19929,56785
33152,69690
11830,49676
20900,57729
26921,63596
10008,47914
14376,52086
15594,53147
8097,46057
19385,56257
13561,51323
17879,54756
7148,45140
5958,43978
17558,54437
23590,60339
35902,72351
5463,43487
3148,41213
14698,52400
32843,69395
11521,49375
4939,42986
35325,71793
7154,45146
6810,44818
9822,47734
11628,49482
28029,64681
6507,44523
7699,45683
2346,40423
34445,70935
25886,62591
38040,74433
2851,40921
7091,45087
5524,43544
18904,55786
10559,48435
19723,56583
34894,71370
25891,62596
8101,46061
13104,50872
25769,62476
21386,58207
27480,64153
24288,61027
30897,67513
26188,62887
19393,56265
14976,52703
19180,56056
29227,65863
26187,62886
4341,42402
32007,68581
32215,68779
13517,51281
31821,68399
23818,60563
23500,60249
3883,41944
3176,41241
31220,67822
2040,40121
3006,41073
21538,58359
36255,72696
20370,57205
37535,73936
26294,62987
29599,66231
7477,45464
12965,50738
3631,41692
30427,67049
28663,65309
21780,58597
25713,62420
20249,57086
27468,64141
34717,71201
13154,50922
26456,63147
24400,61139
18761,55645
27195,63870
28374,65022
27013,63688
28917,65557
29357,65993
34792,71272
32248,68812
26682,63365
37867,74264
38596,74936
28362,65010
16758,53643
35511,71976
32073,68641
11756,49608
18671,55557
17689,54568
25322,62043
13225,50993
29317,65953
5501,43523
33751,70257
18156,55029
7273,45265
3754,41815
22414,59219
2190,40271
32214,68778
36145,72594
11681,49535
13007,50780
29987,66613
32547,69099
18763,55647
7743,45725
4118,42179
36335,72772
5416,43440
7162,45154
6820,44828
29075,65713
37567,73968
28651,65297
31655,68237
28882,65522
1534,39623
24890,61623
38522,74862
2887,40955
23538,60287
6308,44328
31722,68302
26614,63301
24034,60775
32902,69452
22967,59748
22972,59753
11246,49102
22192,59001
26712,63393
29213,65849
4541,42598
25586,62303
30591,67211
26575,63264
27911,64567
35675,72132
18285,55154
32577,69129
1532,39621
24138,60879
24174,60913
34811,71289
36177,72624
33824,70328
34053,70551
38776,75114
26250,62947
25786,62493
29082,65720
21084,57907
35699,72154
26449,63140
14170,51882
20682,57511
36232,72677
5072,43119
24030,60771
26742,63423
25403,62122
24414,61151
5562,43582
5191,43233
33416,69936
23793,60540
5514,43534
32049,68617
28907,65547
9630,47557
29396,66030
31334,67932
3926,41987
22685,59486
20275,57112
18593,55479
35116,71586
28982,65620
13238,51006
19838,56694
21867,58684
37817,74214
16136,53308
33630,70140
26923,63598
31688,68270
20405,57240
32002,68576
5310,43336
4345,42406
34917,71391
13958,51676
10325,48225
9128,47062
13109,50877
2725,40794
7887,45849
11641,49495
24962,61689
24308,61047
19280,56154
21915,58730
16613,53512
26813,63494
36117,72566
11085,48947
23642,60389
17491,54370
21526,58347
18826,55710
33220,69746
8177,46133
25646,62357
17258,54139
3314,41375
29399,66033
27183,63858
3463,41524
14007,51725
23084,59856
26734,63415
29276,65912
9886,47794
14826,52557
8351,46301
11094,48956
2949,41018
25385,62104
35099,71569
36593,73020
16875,53760
21645,58466
13210,50978
27281,63956
15790,53217
11455,49309
13182,50950
32520,69074
17679,54558
28372,65020
28647,65293
10706,48570
24377,61116
26785,63466
17969,54844
15364,53040
37913,74310
18085,54960
28751,65395
11794,49644
31180,67786
38064,74457
23164,59934
20547,57380
21869,58686
37480,73883
37904,74301
13787,51508
18098,54973
13027,50800
28791,65435
26075,62778
3325,41386
17794,54673
30202,66826
7650,45636
13279,51047
37939,74336
35596,72055
36382,72819
29285,65921
38414,74760
1692,39773
12240,50051
21533,58354
12878,50653
5512,43532
15385,53046
19316,56190
16946,53829
37864,74261
39070,75404
34727,71211
11435,49289
31222,67824
15690,53186
21458,58279
29085,65723
23483,60232
30472,67094
23898,60639
19344,56218
20125,56971
16289,53347
26619,63306
7238,45230
26724,63405
9176,47110
13505,51269
4304,42365
17024,53907
23272,60033
32302,68862
5385,43409
25413,62132
37135,73548
34977,71447
34451,70941
14312,52022
30085,66709
11673,49527
25576,62293
28815,65457
20278,57115
37408,73815
28873,65513
15611,53158
35040,71510
26345,63036
38150,74541
28474,65122
5307,43333
34619,71105
25507,62224
24813,61546
17088,53971
12379,50190
15649,53175
29693,66325
9055,46989
35102,71572
35384,71853
9985,47891
33813,70317
24036,60777
23543,60292
1336,39426
23310,60069
17582,54461
37943,74340
5412,43436
14215,51927
36178,72625
11707,49559
14206,51918
36707,73132
14275,51987
28483,65131
23866,60607
12179,49990
36779,73204
1372,39460
4312,42373
6016,44036
9851,47763
4260,42321
7457,45444
32760,69312
37168,73579
25610,62323
10637,48507
18934,55816
22288,59095
12466,50267
20972,57797
19197,56073
23356,60105
20023,56877
36341,72778
14072,51788
30716,67334
14176,51888
35488,71957
10897,48759
28143,64793
23296,60057
21032,57857
19484,56352
12465,50266
7680,45666
9823,47735
14274,51986
5987,44007
22726,59525
27308,63983
27644,64313
20265,57102
32492,69046
7834,45812
19003,55883
7862,45830
37816,74213
30573,67193
3360,41421
20522,57355
33818,70322
26487,63178
18916,55798
19066,55946
22809,59600
1357,39447
20461,57296
30415,67037
35221,71689
27154,63829
32510,69064
18326,55195
23459,60208
13399,51167
23055,59831
31892,68470
