19506,85487
56929,118448
11732,77665
18268,84272
32904,95116
20743,86720
56017,117591
8671,75491
49089,110962
57889,119462
39600,101829
2961,70050
8468,75293
46142,108284
34852,97213
55078,116534
52519,114145
53953,115526
44373,106717
24628,90836
42819,105257
24221,90452
56476,118026
49282,111141
19773,85763
11169,77132
5418,72374
18224,84225
33446,95494
48069,109980
67755,121436
54378,115938
21529,87515
3468,70562
10554,76598
3780,70811
22397,88404
3236,70323
53956,115529
23616,89618
54366,115927
25258,91444
56115,117680
3023,70111
22783,88797
47890,109813
20425,86390
1377,68462
13549,79449
8589,75397
67716,121398
11735,77667
44918,107197
38299,100581
19649,85633
45455,107687
33684,95615
38761,101021
11394,77388
38528,100763
42699,105084
51471,113159
4307,71308
31322,94614
23295,89312
53463,115051
56274,117827
37976,100257
1058,68162
18959,84951
46228,108353
55044,116502
4185,71226
9186,75931
47866,109784
56860,118383
52830,114458
53959,115532
45082,107341
44324,106671
35533,97864
39441,101689
45932,108122
17892,83874
42089,104532
42570,104946
55367,116931
55894,117470
43214,105638
22798,88812
20692,86670
52342,114005
35468,97800
234,67856
52137,113837
51890,113567
49073,110946
32797,95004
45100,107358
39416,101659
56492,118041
39861,102091
42400,104817
41798,104265
51322,113031
23589,89592
21431,87421
54190,115765
40006,102266
43188,105603
43591,105966
1213,68296
6137,73045
46012,108190
58434,119944
56167,117730
24336,90567
19749,85739
17946,83931
43927,106291
38133,100422
11881,77790
38276,100561
41427,103928
3084,70173
20650,86629
33477,95640
58440,119950
23414,89429
28807,92195
11730,77663
58044,119622
47034,108945
45417,107652
47439,109339
5942,72840
23299,89316
8980,75783
18987,84971
38788,100945
45828,108021
5910,72802
6230,73127
21576,87555
44118,106476
48937,110801
54867,116340
18805,84816
10378,76429
56983,118502
11889,77822
53569,115162
28574,91913
24974,91141
51514,113203
4770,71806
3717,70784
42961,105401
35078,97416
3705,70775
43746,106118
57237,118774
18454,84463
1254,68340
38324,100606
39590,101819
48152,110061
4875,71908
44228,106578
57861,119434
19889,85882
20803,86781
41083,103615
57951,119526
44245,106592
39758,101991
58183,119739
56188,117747
43608,105984
46946,108865
55390,116953
32555,94786
54871,116345
49375,111231
44087,106445
55039,116498
4763,71799
41652,104134
43911,106275
20679,86643
35542,97874
44011,106370
46997,108909
57039,118561
52133,113827
9478,76232
55583,117123
57941,119518
23355,89372
8923,75726
9223,75948
32529,94763
12753,78690
19129,85109
47039,108951
22288,88295
23969,90208
20242,86213
39443,101697
4970,72013
43585,105959
40084,102309
4583,71608
23039,89056
38228,100513
58159,119717
57890,119463
35450,97781
20690,86668
55802,117368
31263,94562
42520,104945
22879,88893
4287,71368
33654,95847
44984,107246
41079,103611
37856,100138
42816,105254
22270,88277
57200,118727
34672,97036
43886,106251
56332,117885
935,68027
18562,84576
42795,105226
19013,84994
43875,106241
21036,87020
44446,106791
11597,77586
18164,84160
58363,119911
20540,86514
19412,85387
39046,101258
56395,117946
38107,100397
23526,89533
47259,109158
42808,105238
20483,86449
18177,84175
41368,103884
38014,100297
40550,103156
43724,106073
67538,121218
5269,72307
67644,121323
39768,101982
53683,115269
14555,80537
42376,104792
54722,116194
35171,97510
53828,115406
57270,118808
43276,105672
40988,103570
38717,100970
11481,77476
4467,71506
31252,94551
53102,114679
5407,72364
57669,119237
46170,108304
46089,108244
40337,102627
55018,116481
9221,75946
3818,70851
41968,104354
58882,120337
55400,116962
49441,111294
43221,105642
39644,101847
1016,68120
54758,116226
40641,103228
56758,118286
12477,78411
51077,112825
8524,75343
44903,107185
55035,116495
24082,90316
43468,105853
4382,71422
23274,89295
17843,83827
33005,95224
20835,86820
43586,105961
54607,116562
48226,110132
8402,75224
24297,90528
46967,108885
55975,117547
43324,105718
38627,100870
44006,106365
49100,110973
43631,106010
22337,88340
17036,82929
4952,72001
23015,89029
52174,113848
38485,101349
22658,88639
54707,116179
52495,114123
22824,88846
33394,95798
5899,72791
18807,84818
51611,113297
45066,107323
41555,104050
5402,72360
259,67880
34951,97292
57904,119478
39375,101627
19374,85350
38015,100298
43041,105484
8568,75383
8945,75759
57221,118754
3901,70960
56011,117586
36319,98628
20542,86519
41532,104029
21704,87703
43401,105784
4774,71810
3452,70546
52871,114493
35883,98225
19340,85306
4516,71552
51618,113304
34163,96056
52220,113907
54181,115759
19496,85477
54797,116264
49664,111464
55852,117431
36329,98634
824,67918
16475,82379
8857,75668
11688,77624
13466,79423
55036,116496
38287,100571
21514,87501
58261,119814
42939,105385
74,67816
20807,86785
56063,117633
3515,70603
38361,100644
45204,107456
56217,117775
34953,97294
39024,101242
54673,116630
53509,115103
32475,94718
40745,103338
57424,118968
23692,89726
40618,103200
51276,112992
4603,71626
21948,87937
32557,94788
48572,110469
20330,86300
38086,100375
5732,72637
58280,119833
43405,105790
54567,116123
55602,117143
57961,119539
43751,106123
4938,71981
47834,109750
10722,76744
51808,113502
11678,77615
8928,75731
22052,88027
40610,103209
28609,91968
48557,110454
47707,109616
54785,116251
54416,115974
11399,77396
44659,106980
38109,100399
37987,100270
20700,86678
19885,85879
54430,115985
28699,92083
55128,116657
56707,118240
44009,106368
41462,103970
51317,113029
19644,85628
22800,88814
21160,87143
41613,104106
5778,72668
42531,104936
4886,71944
1195,68234
8756,75579
52159,113869
33637,95920
51875,113556
9357,76131
5529,72467
51203,112932
1134,68256
41741,104216
55381,116946
40211,102443
21046,87031
24080,90315
6052,72963
23020,89030
19240,85215
42160,104578
1606,68687
36077,98390
44901,107184
39801,102032
3931,70990
50940,112698
44043,106401
22517,88530
24238,90467
44338,106688
56629,118167
42874,105313
54280,115853
23555,89560
23491,89504
42524,105027
19514,85495
41169,103695
5925,72819
38203,100490
23281,89301
5882,72773
53348,114941
20926,86907
8615,75411
34945,97285
47865,109783
40395,102634
67731,121413
822,67916
53038,114632
23074,89090
46815,108742
57632,119195
3189,70278
8947,75761
36113,98415
44307,106654
21480,87466
42815,105253
45415,107650
25273,91455
57911,119486
19094,85074
5342,72210
39788,102052
38254,100539
3661,70743
43476,105861
49965,111732
56967,118485
5312,72181
51141,112879
31395,94676
1394,68477
28698,92082
2863,69952
52006,113691
23341,89358
4532,71598
53393,114986
40571,103129
44095,106453
54525,116080
23258,89282
55860,117439
18638,84650
22587,88607
54260,115834
18442,84454
22125,88127
40733,103329
20890,86874
37906,100188
56586,118128
53911,115485
44593,106922
19054,85038
33495,95611
39858,102088
52095,113782
41088,103620
41132,103653
57292,118830
10352,76402
41099,103629
58889,120343
49836,111620
57361,118905
55321,116885
24365,90590
19100,85080
4985,72027
9414,76174
8410,75233
31421,94701
48155,110064
40166,102398
38268,100552
15257,81164
22593,88613
22985,89000
10389,76437
52389,114048
22452,88466
4421,71459
4628,71663
5080,72115
23861,89957
54803,116270
20144,86117
54368,115929
49881,111654
18753,84764
36144,98441
12810,78787
39044,101256
22874,88890
39943,102173
819,67914
37911,100193
56634,118171
54022,115586
4550,71575
5038,72091
55687,117225
20896,86880
6173,73074
58364,119912
37249,99541
3065,70154
49217,111077
20054,86031
10976,76985
44676,106995
11922,77817
53700,115284
53476,115066
55432,116992
20801,86834
34839,97198
57620,119183
39623,101853
55997,117573
52498,114126
24059,90294
20701,86679
38173,100461
52484,114113
18264,84268
48142,110051
49104,110977
52777,114415
52797,114430
1030,68134
19683,85672
33148,95361
51065,112814
54183,115760
6212,73113
20296,86268
45953,108161
21766,87772
992,68094
22825,88847
45038,107296
45549,107777
3667,70750
8918,75722
5264,72305
41247,103771
40809,103397
44696,107011
19617,85601
56797,118322
52102,113789
45515,107754
19875,85869
46293,108407
12550,78496
38410,100688
5050,72075
55631,117174
38629,100872
54395,115951
25970,90002
45533,107761
38421,100700
14842,80471
45076,107334
20191,86163
38007,100290
56252,117805
54557,116113
38504,100749
4867,71900
46833,108759
28782,92168
46878,108803
4129,71185
53851,115429
55839,117421
18308,84308
34778,97139
43426,105811
56449,117999
46156,108293
17919,83911
5906,72798
57665,119233
55562,117107
4198,71239
21172,87148
21069,87054
53024,114668
56272,117825
23284,89302
22662,88642
44566,106901
57202,118730
54325,115892
54506,116054
8400,75221
39599,101828
42741,105130
20233,86203
50036,111778
912,68003
53078,114707
19063,85043
22210,88219
54302,115871
52402,114054
18439,84451
39345,101590
49144,111016
20757,86735
32657,94867
52629,114251
53445,115029
51973,113655
21817,87814
56091,117658
38224,100508
1070,68173
18270,84274
54668,116606
35945,98279
45837,108030
40487,103071
19289,85261
2893,69981
53353,114947
53579,115172
21503,87489
21527,87513
32634,94846
53182,114776
19892,85885
23702,89734
67670,121349
3701,70773
10760,76778
10716,76738
23340,89357
4501,71541
55961,117535
17179,83194
43320,105714
24275,90505
52311,113977
47488,109393
1286,68376
53880,115457
49040,110917
3516,70604
49185,111046
19400,85375
55090,116546
57619,119180
15251,80056
41799,104266
8890,75695
46400,108430
45815,108009
21290,87270
22022,88061
19795,85787
39295,101538
5932,72829
3709,70777
39055,101268
52632,114254
44664,106985
32913,95126
49683,111482
51302,113014
46075,108230
43141,105575
67554,121236
67611,121290
13858,79886
260,67881
20603,86579
20215,86186
42440,104856
53858,115437
39334,101570
11253,77250
37898,100180
52290,113958
37720,100013
40165,102397
18424,84434
67548,121229
52344,114007
16823,82633
22043,88018
41601,104099
37865,100147
20487,86453
51581,113269
57395,118941
35527,97860
44635,106958
54571,116127
53592,115213
6122,73030
54836,116308
43758,106129
21769,87776
53723,115308
11435,77434
43766,106134
18089,84083
55068,116525
3529,70616
23758,89839
40761,103357
6347,73231
51600,113284
55622,117166
57871,119444
1393,68476
3810,70841
42393,104810
38815,101045
28686,92072
5956,72858
58130,119691
19691,85680
45074,107331
39865,102095
18789,84799
55998,117574
4860,71892
20301,86273
25230,91419
57079,118605
22244,88254
41350,103866
20637,86620
5651,72562
35481,97815
20503,86469
39965,102196
21684,87661
47398,109296
18628,84643
47827,109742
866,67957
56088,117655
48191,110100
49617,111412
56309,117863
8929,75732
32802,95010
28620,91979
48610,110506
40261,102491
37877,100159
37195,99479
4872,71905
33273,95661
56567,118110
56816,118338
43429,105814
38867,101089
23181,89203
5261,72302
19495,85476
41189,103714
18145,84140
54043,115615
9057,75863
56162,117712
40750,103345
57350,118892
20632,86613
43473,105858
67776,121457
53756,115339
23853,89949
19388,85363
58212,119768
45847,108040
52368,114028
17847,83831
37853,100135
35032,97372
10809,76827
3151,70236
44221,106571
39021,101239
54986,116453
53818,115399
56500,118048
20769,86747
41724,104206
48331,110231
1438,68520
35016,97355
5417,72373
38973,101191
38650,100893
35459,97790
33051,95273
57763,119329
38901,101120
4732,71770
3932,70991
56100,117665
56973,118490
42986,105448
41399,103915
24393,90613
51768,113461
48532,110431
67788,121468
49413,111269
3195,70285
51109,112848
40280,102508
35948,98281
43852,106211
22057,88032
39707,101932
28617,91976
22317,88328
56431,117982
34623,96987
10766,76784
997,68099
31336,94628
10837,76853
51961,113643
57876,119449
52455,114093
54207,115784
48852,110724
21425,87409
4526,71592
39102,101319
1192,68232
4207,71249
53245,114832
2932,70023
21328,87310
19600,85584
55662,117201
1433,68516
44488,106824
22606,88625
38295,100577
43940,106302
67622,121301
3627,70710
54729,116200
24288,90518
4187,71228
51248,112974
45721,107850
42871,105309
39605,101834
54447,116002
34671,97035
4899,71957
20574,86591
32546,94778
56803,118328
22325,88346
47001,108913
57872,119445
4512,71548
34792,97154
40391,102619
52810,114442
38082,100371
42629,105066
37945,100227
41076,103608
6245,73140
37843,100125
6256,73151
44440,106785
44037,106394
53831,115409
34796,97158
44562,106897
20254,86225
1375,68459
4921,71973
23742,89824
21407,87391
38625,100868
33501,95618
8556,75373
17940,83925
20241,86212
57978,119558
19791,85783
6146,73051
53702,115286
3615,70698
56087,117654
48554,110451
5557,72491
41510,104009
20639,86617
22276,88283
53687,115273
44096,106454
8957,75771
49041,110918
56433,117984
33137,95350
41695,104185
51616,113302
5550,72486
14849,80353
56143,117707
22258,88267
34985,97327
33500,95617
32642,94853
33554,95752
54861,116333
35509,97845
14413,80377
48638,110532
57808,119379
45044,107303
39959,102190
46107,108258
38997,101215
53105,114685
38190,100479
54530,116085
40199,102432
54850,116323
38435,100714
33166,95382
32651,94861
57110,118634
3797,70828
18831,84846
37938,100220
51846,113528
52845,114464
993,68095
54375,115935
39841,102073
4116,71173
46538,108546
24202,90427
41567,104082
37858,100140
42920,105368
21902,87893
38655,100898
51881,113563
24236,90465
5841,72733
20360,86329
25315,91516
23606,89609
54587,116145
46404,108435
49784,111576
6283,73180
38193,100477
41124,103656
55082,116538
1423,68505
42676,105164
22233,88243
45978,108165
20848,86829
37904,100186
1123,68246
38260,100544
56863,118386
39533,101763
34685,97050
32465,94708
57406,118950
47073,108985
17963,83947
38104,100394
24646,94123
45817,108011
67571,121252
20124,86100
40273,102501
53438,115040
53360,114956
49207,111067
52013,113698
52725,114365
5606,72526
37900,100182
41690,104182
55311,116875
22735,88739
40083,102308
4737,71774
57864,119437
39521,101753
45939,108128
10981,76995
42496,104916
44539,106876
54537,116092
23585,89588
42303,104716
56549,118094
24052,90287
47139,109045
21747,87751
42232,104649
18694,85070
51044,112797
20245,86216
3443,70537
19248,85222
4950,71983
55817,117395
41664,104141
42949,105358
52254,113930
54231,115807
54399,115957
35024,97362
1262,68348
56694,118227
4999,72040
45814,108008
1187,68237
5491,72438
3109,70199
20624,86604
54419,115976
40591,103181
35544,97876
32604,94822
51777,113469
34730,97093
944,68036
52096,113783
1760,68838
32777,94981
41764,104232
20166,86135
35406,97737
52494,114122
39748,101976
1755,68833
53785,115363
3121,70211
43053,105496
54631,116596
45013,107274
44751,107074
57747,119317
22634,88664
42525,105028
934,68026
56071,117640
52533,114159
10952,76963
18022,84009
5548,72484
5648,72559
21114,87097
49149,111021
4618,71654
4353,71393
8574,75387
44073,106431
43299,105693
22627,88657
53797,115380
40608,103207
24640,90847
38316,100598
42685,105037
42707,105093
23293,89311
20335,86304
13267,79223
54640,116610
49746,111541
43980,106342
50032,111775
5922,72818
52847,114466
58247,119802
40236,102467
4043,71097
34986,97328
20277,86250
52749,114389
5083,72118
42967,105440
44639,106962
38638,100881
52889,114511
48762,110649
44674,106993
43043,105486
22007,88006
52702,114340
39679,101899
53291,114883
32934,95147
18019,84006
19491,85472
67667,121341
22309,88319
55654,117193
45955,108141
56830,118353
21956,87945
47697,109604
51150,112885
50041,111781
39101,101318
52521,114147
40450,103031
48175,110084
44019,106376
11488,77482
39789,102020
32508,94749
41488,103988
23622,89623
4200,71241
24239,90468
52221,113908
11016,77029
22602,88621
53792,115371
49037,110915
21497,87483
52091,113778
36075,98388
40544,103114
58870,120328
56324,117878
53484,115068
45956,108142
58353,119903
44271,106620
39702,101880
57590,119151
53386,114979
67722,121404
36025,98342
6241,73137
19050,85042
3453,70547
67764,121445
2896,69984
41120,103660
34724,97087
20228,86198
22612,88631
55382,116947
10391,76439
57549,119106
31315,94606
6358,73241
43435,105821
31300,94596
38167,100455
41057,103592
21137,87120
5332,72200
24074,90309
20818,86798
6317,73203
22927,88941
6261,73156
19748,85738
48600,110494
22598,88619
1444,68527
48126,110035
51592,113294
42537,104953
48504,110404
9435,76192
51501,113190
243,67864
20320,86290
39660,101913
56470,118020
24227,90458
19281,85253
53889,115466
42116,104543
56508,118055
36222,98517
32716,94924
53170,114764
45095,107353
6315,73202
19019,85006
39595,101824
24088,90322
19221,85195
5329,72188
11464,77462
4654,71687
5465,72419
19069,85050
40347,102550
41109,103635
19750,85740
43959,106321
54597,116148
53138,114738
38080,100369
35431,97760
43531,105911
48068,109979
20533,86503
44982,107244
34936,97278
54370,115931
48149,110058
20082,86063
57404,118948
8667,75487
67771,121452
11127,77215
18404,84415
44618,106944
39032,101296
38240,100525
54893,116365
47103,109010
58840,120299
55531,117087
19079,85060
48115,110024
51989,113675
53978,115553
33386,95790
58869,120327
20294,86266
53815,115397
4041,71094
45898,108088
31420,94700
57412,118957
19338,85304
53307,114902
4251,71314
56578,118120
4705,71743
46185,108296
51285,112999
2872,69961
41912,104365
51721,113414
39406,101648
20336,86305
32658,94868
47017,108925
24180,90407
56189,117748
47485,109390
38112,100403
56663,118197
36069,98382
40766,103362
35485,97819
47380,109279
51341,113051
44528,106865
4647,71680
18012,83999
23029,89053
67714,121396
18461,84472
25243,91430
54977,116445
45929,108119
5278,72319
23222,89237
23143,89167
22636,88666
57938,119515
48794,110806
44601,106929
4648,71681
38253,100538
31339,94631
18172,84170
1056,68160
19417,85392
18085,84079
41116,103640
20789,86767
32588,94818
6054,72965
5221,72270
20169,86138
47049,108967
53713,115298
56118,117683
37841,100117
54410,115993
40758,103353
8833,75644
38281,100567
58319,119871
11725,77659
49946,111718
54801,116268
32820,95029
19034,85016
23099,89121
44691,107006
42546,104962
49134,111006
49080,110953
34818,97178
3147,70233
38297,100579
37887,100169
40058,102233
47054,108965
49961,111729
34763,97125
43088,105533
57966,119544
56915,118434
51726,113418
39565,101794
17979,83963
52509,114136
44400,106749
5219,72268
44298,106647
4542,71569
48384,110285
39205,101449
39415,101658
18536,84548
9176,75919
52572,114194
21039,87024
46087,108242
43817,106183
38235,100520
4660,71694
56214,117772
21983,87974
53296,114890
39555,101784
49651,111448
52195,113882
5534,72472
23159,89183
54428,115984
56076,117645
55045,116503
32691,94901
1024,68128
8885,75690
49571,111383
48589,110483
55799,117365
37996,100279
23078,89092
22821,88842
14341,80288
34793,97155
53459,115047
6089,73018
57846,119418
8527,75346
4986,72028
21943,87929
6235,73132
1350,68438
4935,71979
57896,119469
8633,75453
49431,111286
40245,102476
48229,110135
22718,88732
21495,87481
28728,92111
4268,71349
11444,77443
39338,101574
47503,109410
34505,96910
8766,75597
19000,84982
52640,114262
53498,115090
19967,85956
42881,105320
45016,107277
4558,71583
38088,100377
36302,98603
55355,116919
23706,89738
49004,110878
11899,77807
19033,85015
34779,97140
49435,111290
3476,70570
6009,72916
4745,71782
20175,86147
53219,114810
51765,113458
4804,71841
43570,105946
21345,87332
10949,76960
21226,87207
57007,118531
9051,75855
8926,75729
18313,84319
53778,115358
4924,71970
45555,107781
54234,115810
39110,101360
45510,107749
52031,113723
41797,104264
52323,113987
54922,116393
24098,90331
22613,88632
40092,102321
8542,75366
10397,76445
23354,89371
36142,98440
21523,87509
41453,103953
24101,90337
55792,117359
48128,110037
28813,92201
10668,76693
9499,76251
2942,70033
54553,116109
9243,75997
57144,118671
9493,76247
44288,106637
1226,68311
964,68064
42855,105295
58854,120312
40266,102496
41374,103958
3342,70430
51571,113262
45375,107620
48726,110617
54353,115915
57277,118815
31384,94664
699,67887
56606,118147
36347,98654
22047,88022
52231,113917
51751,113445
3817,70882
40288,102516
6182,73082
43984,106346
56018,117592
45245,107503
44408,106756
33027,95251
12008,78027
1175,68219
51546,113238
58220,119777
52199,113886
53250,114848
51307,113019
55383,116948
42849,105290
52239,113923
43318,105712
48326,110226
56644,118180
9439,76195
3052,70140
10386,76434
22640,88672
58823,120282
45907,108097
6258,73153
4132,71188
19650,85634
51373,113082
22942,88957
23302,89319
38969,101186
23484,89498
48621,110517
20170,86139
22472,88487
56211,117769
46531,108541
56012,117587
4232,71276
53714,115299
55525,117081
46080,108235
21087,87071
51000,112748
58317,119853
11917,77846
49147,111019
18260,84264
41215,103742
52365,114026
5484,72434
23501,89512
3447,70541
21088,87072
38183,100471
45073,107330
21222,87203
5046,72099
23548,89554
38813,101043
57858,119430
46396,108427
34893,97249
45452,107684
46105,108256
54053,115625
37942,100224
55988,117561
49532,111350
51386,113095
19041,85023
47062,108973
32850,95060
53079,114708
42070,104488
3586,70668
42915,105408
21165,87150
45275,107529
19880,85874
19155,85135
28644,92002
55010,116474
51272,112990
51590,113278
55758,117325
19950,85938
33125,95339
39190,101439
10812,76829
54934,116404
19466,85444
56000,117576
8659,75479
48486,110386
55405,116966
56649,118184
33369,95540
3651,70731
55880,117457
44977,107240
55504,117061
36224,98519
3461,70555
55590,117130
42912,105362
46062,108224
3371,70474
51160,112895
38709,100962
45263,107518
58228,119785
14511,80466
13525,79534
5831,72713
40774,103370
18011,83998
5542,72479
44294,106643
57470,119019
42625,105075
22521,88535
48591,110485
46947,108866
58187,119743
58365,119913
15338,81232
45378,107624
53958,115531
34627,96991
8532,75353
33532,95711
19444,85420
53801,115384
12432,78362
46945,108864
41658,104143
4640,71674
4019,71020
52874,114496
9368,76141
21404,87388
20638,86616
22130,88136
9529,76281
21139,87122
48623,110519
43389,105775
4632,71666
23016,89028
9567,76301
34859,97217
22491,88506
48560,110457
43046,105489
53164,114761
52904,114525
42389,104806
2862,69951
52623,114245
49674,111476
53507,115101
55949,117523
3282,70368
4638,71672
11692,77627
32791,94994
38440,100718
5738,72643
55761,117328
19618,85602
67799,121478
55854,117433
11894,77806
22214,88223
53192,114785
21494,87480
33639,95923
22459,88474
23751,89832
23500,89511
49171,111038
49833,111617
5111,72153
67570,121251
35919,98254
5866,72758
5879,72770
4405,71445
54565,116121
19684,85673
39002,101220
28577,91916
4781,71817
38035,100318
33075,95287
23310,89327
54029,115594
51963,113645
54848,116321
19984,85969
33261,95478
55912,117487
56734,118265
31344,94636
14050,80006
3736,70793
38643,100886
21513,87499
56228,117786
3591,70673
42515,104942
49721,111522
55564,117109
35436,97764
46206,108335
42789,105201
22422,88437
54250,115824
41397,103914
11769,77701
56308,117862
49124,110996
44306,106653
44810,107109
34770,97131
22971,88986
43737,106108
3055,70143
24197,90423
42930,105377
34816,97176
47246,109147
57430,118974
25248,91435
46187,108319
6158,73061
14051,80008
55526,117082
54808,116280
8627,75434
21820,87817
33650,95944
47040,108952
47546,109450
53639,115230
53358,114953
56062,117632
38227,100512
11021,77034
45062,107320
22291,88298
44616,106941
4742,71779
49115,110988
21559,87539
48652,110547
41752,104286
39576,101805
42309,104723
25218,91409
33207,95419
32906,95118
52422,114066
48742,110629
38115,100362
4357,71397
38064,100349
21205,87190
53306,114900
45995,108183
21434,87417
35875,98218
42788,105200
44925,107204
46430,108460
18787,84797
50989,112736
55514,117071
28726,92108
54878,116352
48200,110109
54709,116181
43596,105972
8484,75308
57163,118691
23628,89629
5763,72665
52105,113792
49924,111701
25244,91431
20189,86161
55471,117029
35029,97369
47071,108983
19530,85502
4414,71453
57547,119104
56125,117690
58348,119897
41877,104331
43595,105971
56767,118295
67785,121465
18046,84034
43066,105511
5227,72277
44046,106404
6324,73209
38250,100535
54018,115595
9179,75922
23236,89258
4670,71706
8958,75772
54027,115592
54527,116082
21504,87490
48785,110672
53068,114697
52514,114141
22432,88436
43163,105597
44268,106617
55934,117510
40471,103051
2952,70043
2981,70071
38282,100566
11457,77455
38906,101125
3873,70907
56009,117584
3079,70169
46954,108872
54478,116030
53394,114987
38075,100364
33421,95552
4591,71615
4439,71475
21236,87217
45000,107261
38792,100949
57116,118637
55696,117237
55027,116488
43148,105580
58274,119827
41456,103955
40192,102425
19991,85975
19349,85316
4598,71621
55735,117301
53607,115199
44992,107254
56998,118522
57653,119221
18082,84076
54572,116129
22992,89006
2954,70045
43721,106093
22025,88065
32872,95084
25209,91400
44092,106450
31268,94567
49150,111022
20565,86550
54044,115616
4036,71088
5695,72600
20837,86815
23179,89201
5009,72049
3852,70886
5315,72184
1676,68757
21834,87827
36335,98644
17933,83916
10612,76659
8553,75370
44277,106632
39621,101851
11143,77080
56919,118438
33611,95570
4836,71868
52891,114514
3302,70388
40731,103323
54318,115885
34748,97111
38851,101075
18733,84745
44064,106422
51480,113166
45998,108162
56061,117631
5835,72731
17623,83533
48893,110759
22610,88629
54569,116125
47086,108996
33434,95565
54016,115601
51947,113627
58148,119707
52130,113824
33236,95448
57835,119405
37629,99918
52701,114339
44742,107055
11002,77019
22931,88945
5308,72177
50060,111799
58005,119587
42368,104784
32490,94735
39120,101370
33498,95614
46218,108344
4996,72037
42626,105076
49241,111107
23690,89724
58816,120275
48605,110499
42316,104732
21867,87855
42776,105192
57693,119261
67542,121223
33685,96037
48629,110525
5891,72783
12009,78028
8841,75652
38636,100879
51897,113579
49794,111584
4099,71148
21758,87763
33021,95247
50019,111764
22692,88713
57822,119390
14522,80487
54920,116391
51542,113232
52907,114528
23731,89813
51588,113276
48280,110183
15296,81192
40270,102498
22840,88861
31281,94583
28684,92069
52273,113945
5081,72116
53717,115302
35519,97852
34048,96427
39892,102124
40338,102628
10535,76518
25266,91449
39305,101583
37854,100136
1136,68258
38225,100509
42207,104625
54338,115903
44304,106672
19978,85965
16161,82017
46079,108234
8495,75318
52428,114071
52538,114163
43410,105795
44316,106663
33100,95315
12549,78495
39698,101925
5872,72763
53330,114927
58199,119756
67643,121322
18093,84087
4949,71985
51399,113108
38355,100637
58033,119612
10741,76760
47068,108980
48848,110720
19297,85270
58080,119653
31383,94663
4201,71242
38415,100694
35074,97412
8917,75721
33231,95521
40070,102248
48059,109968
21249,87229
20086,86067
22480,88495
54316,115883
11723,77657
44869,107155
39970,102202
3695,70770
44585,106914
5703,72608
6168,73071
20235,86206
36375,98701
51286,113000
1432,68515
6050,72961
43992,106354
58169,119726
48900,110764
14335,80283
11610,77590
44944,107217
49116,110989
42728,105120
11680,77617
21104,87087
5746,72651
49808,111597
39967,102199
8565,75380
3231,70318
4905,71934
57985,119565
23637,89639
8457,75281
32466,94709
1301,68390
18655,84668
56525,118071
55757,117324
5069,72105
3910,70969
58184,119740
2883,69971
5232,72279
39855,102085
41130,103651
24266,90495
54612,116571
9407,76167
18872,84888
1721,68806
38353,100635
44678,106997
999,68101
9276,76029
10999,77016
48361,110262
42190,104607
55599,117139
47055,108966
19784,85776
18001,83986
38433,100712
21499,87485
43824,106190
20600,86574
22917,88932
39833,102065
34968,97309
18633,84648
47095,109002
33887,96130
22859,88876
20477,86444
43065,105510
23732,89814
932,68024
21115,87098
54676,116634
1120,68213
20923,86904
54417,115975
31260,94559
44376,106719
38912,101131
1053,68157
56325,117877
20486,86452
44675,106994
5138,72167
57516,119071
10568,76606
28718,92100
40490,103074
56772,118300
19204,85179
24328,90562
46084,108239
49262,111110
41385,103904
51748,113468
5544,72481
21472,87457
44654,106976
32730,94936
36344,98630
30806,90852
40467,103046
38715,100968
15232,81153
983,68085
21967,87953
54825,116294
41144,103669
48760,110647
48278,110180
41448,103948
56447,117997
32953,95167
18427,84464
33883,96129
36326,98641
49236,111096
57577,119137
48392,110293
33172,95376
21712,87711
32638,94850
46291,108405
11700,77636
58047,119625
22780,88794
11928,77850
38165,100453
8921,75724
43996,106363
20284,86256
43589,105964
45370,107615
40053,102227
55660,117199
20317,86287
10257,76319
55845,117424
43703,106077
45199,107451
9233,75987
54262,115836
37955,100237
23482,89496
41747,104222
67547,121228
28640,91997
23683,89719
38769,101031
31309,94598
50929,112694
5994,72902
38013,100296
3687,70766
22274,88281
52460,114096
44362,106707
53548,115142
44296,106645
58445,119954
56569,118112
35879,98222
43891,106255
42861,105299
9185,75928
11650,77602
57341,118884
48951,110842
22547,88566
4594,71617
48602,110496
4016,71019
43573,105949
44336,106686
56543,118088
40556,103162
42825,105263
17952,83936
18840,84857
10470,76535
34919,97266
42222,104639
4022,71024
39868,102098
5921,72816
3277,70363
49618,111413
55715,117256
3517,70605
18808,84820
19806,85795
42862,105302
53391,114984
42214,104631
56556,118101
41942,104386
57117,118638
3655,70736
3008,70114
5279,72320
52308,113975
5985,72891
19923,85914
3445,70539
17945,83930
41656,104137
58326,119878
5124,72130
56661,118195
58888,120344
38578,100818
45501,107738
51305,113017
14094,80042
53954,115527
45025,107284
51281,112995
54544,116099
32505,94747
43987,106349
21232,87213
35043,97383
23549,89555
41787,104255
4264,71325
38820,101046
43503,105884
55874,117451
45258,107514
44262,106611
47031,108942
67778,121459
56859,118382
40085,102310
34930,97272
5504,72447
9183,75926
38181,100469
51129,112867
54391,115954
4337,71343
55085,116541
58430,119940
52598,114284
42785,105197
9430,76189
19898,85888
37875,100157
38408,100686
21223,87204
67633,121313
38215,100500
18897,84912
35798,98137
21954,87943
54364,115925
57478,119027
36065,98380
35088,97424
49046,110923
42876,105315
41183,103709
4540,71567
24380,90602
38449,100724
37948,100230
25289,91468
18985,84969
20934,86915
54454,116009
39980,102224
5715,72620
43234,105652
45866,108059
47370,109269
44097,106455
5208,72257
6161,73064
20007,85991
4870,71903
56040,117611
55060,116517
40772,103368
23561,89566
57699,119266
49058,110931
52881,114503
21035,87021
23966,90205
47552,109456
51161,112896
24077,90312
40122,102281
56502,118050
3442,70536
51524,113214
8978,75781
28703,92086
51536,113228
38426,100704
54256,115830
48660,110555
58157,119715
50955,112714
33245,95460
43076,105521
48743,110630
40397,102636
47543,109447
49832,111616
38582,100821
19288,85259
22544,88565
19509,85490
48301,110201
41332,103848
56054,117625
3832,70866
20759,86737
38136,100425
35415,97748
3911,70970
20085,86066
57338,118881
18353,84364
23266,89287
56701,118234
51450,113141
4052,71108
8588,75396
39303,101549
1399,68481
54015,115600
38742,100996
3739,70794
19965,85954
19009,84990
55778,117346
32826,95035
44403,106751
43813,106179
38756,100961
1096,68197
39895,102167
42023,104461
56098,117663
20538,86512
42561,104979
4463,71502
44454,106799
49269,111116
19214,85189
39617,101844
49266,111114
22310,88320
21250,87230
25206,91397
57977,119557
56597,118139
19083,85064
49429,111284
45202,107454
41080,103612
42447,104863
58292,119844
51920,113602
40407,102646
44609,106934
44822,107113
43216,105639
57378,118925
38481,101342
39835,102067
39933,102160
49771,111565
55336,116901
35082,97419
49184,111045
3401,70503
45516,107755
38321,100603
52880,114502
39898,102169
21898,87889
46098,108249
42706,105092
58106,119679
3757,70800
22919,88934
34944,97284
56136,117700
40753,103348
42041,104476
23147,89171
52467,114102
4134,71190
20501,86467
44943,107216
3133,70223
38491,100736
1757,68835
38062,100347
44075,106433
10571,76605
51075,112823
38147,100436
18515,84527
6143,73048
56128,117693
31211,94480
40523,103115
48516,110418
24183,90410
11862,77779
10594,76642
45342,107595
49637,111440
32301,91940
42498,104919
42268,104685
56462,118013
22484,88499
57867,119440
42194,104611
4596,71619
42157,104575
39769,101984
52479,114111
44197,106552
10456,76501
19128,85108
38533,100778
55304,116868
57331,118874
45416,107651
44135,106491
51291,113005
35050,97390
40276,102504
49075,110948
58886,120340
41182,103708
930,68015
36378,98670
53384,114977
40121,102279
51081,112829
5198,72248
4585,71610
57283,118821
24368,90592
56045,117616
39089,101306
2977,70067
2920,70011
32798,95006
19943,85934
55822,117389
43505,105886
4900,71929
41790,104258
42539,104999
16484,82387
40555,103161
42749,105135
33314,95713
5432,72383
39112,101362
48654,110549
3699,70772
38909,101128
38467,101331
5409,72367
52988,114605
6193,73094
38195,100482
4524,71590
51467,113156
56182,117742
38174,100462
5540,72477
19891,85884
24293,90524
33034,95218
43472,105857
23644,89644
23373,89389
32784,94987
19465,85453
49141,111012
45904,108094
4499,71545
50017,111762
23115,89131
54617,116579
56959,118477
38714,100967
57038,118560
42995,105421
57458,119008
54331,115897
52163,113855
46925,108847
51351,113062
41884,104338
19947,85939
5789,72692
32624,94838
44052,106410
53674,115262
38604,100847
22505,88520
25961,89985
11703,77639
48277,110181
23304,89321
38194,100481
19110,85091
31058,94331
10561,76609
48649,110544
53049,114715
4895,71953
39294,101537
39332,101568
24335,90566
10865,76881
20183,86155
39856,102086
40308,102536
18215,84216
54532,116087
23550,89556
1199,68287
44758,107071
39581,101810
22646,88677
51472,113160
56584,118126
23579,89582
22788,88802
44625,106950
20459,86426
67567,121248
4230,71274
44416,106763
3248,70335
3830,70864
35044,97384
54508,116056
1092,68193
11008,77021
55079,116535
38898,101118
47060,108972
51998,113684
45411,107646
49958,111727
22546,88567
33441,95591
20522,86493
67756,121437
22705,88719
56475,118025
37864,100146
30910,94505
42343,104757
51108,112847
45984,108170
18581,84596
5687,72592
41115,103639
19206,85181
56032,117604
36363,98680
49273,111120
49157,111028
54067,115641
39284,101527
53302,114896
57812,119382
52374,114034
22059,88034
57168,118696
44420,106768
53325,114921
54240,115816
39957,102188
56993,118517
56806,118330
3410,70512
44785,107093
20424,86389
38238,100523
32635,94847
40184,102417
49780,111573
3347,70435
19722,85700
38394,100674
17828,83813
48835,110706
52042,113734
49785,111577
18252,84257
13590,79356
53088,114672
19630,85614
53779,115359
57483,119032
51914,113596
11654,77604
20507,86474
52563,114185
43228,105647
4012,71015
51116,112858
4226,71270
57946,119523
57975,119555
3365,70461
22701,88715
20681,86646
49834,111618
11011,77024
67558,121240
42745,105103
55438,116998
19849,85843
21399,87385
18564,84578
4114,71171
49450,111302
21053,87038
19027,85009
41387,103906
57500,119051
46137,108279
31359,94651
48614,110510
19370,85326
19958,85948
53040,114635
3400,70502
53508,115102
49394,111250
56141,117705
47747,109654
24290,90521
46196,108326
22224,88233
35910,98248
20348,86318
30915,94193
37619,99908
55774,117342
53931,115504
51867,113548
48625,110521
42178,104596
5816,72716
58389,119930
3681,70764
45945,108132
48198,110107
58074,119648
41430,103931
45334,107582
40564,103067
10585,76636
44998,107260
11427,77426
43499,105880
38116,100405
52570,114192
57105,118629
53004,114620
44310,106657
55503,117060
57634,119184
19175,85151
34797,97159
39107,101356
21415,87399
9469,76224
42106,104535
19419,85396
24072,90307
20610,86585
20740,86717
3252,70339
56625,118163
6145,73050
45997,108181
57166,118694
47534,109442
5109,72150
35182,97524
54031,115604
36338,98645
24083,90318
4433,71469
24186,90413
35541,97873
57009,118533
41675,104159
4208,71250
49526,111345
21877,87865
8937,75749
51219,112948
53602,115194
18196,84195
56465,118015
1337,68424
48966,110856
37892,100174
33008,95227
235,67857
46180,108312
51538,113229
1198,68238
15172,81157
3437,70531
38870,101085
41926,104379
43878,106244
5514,72455
42748,105109
31286,94588
3907,70966
41403,103919
2861,69950
54069,115642
58841,120300
5731,72636
38885,101105
25313,91509
42534,105275
33191,95405
4190,71231
3462,70556
39918,102145
41557,104052
43841,106207
53751,115335
31418,94698
40172,102404
20346,86317
43717,106090
35512,97848
38677,100915
53568,115161
28736,92119
18049,84037
3484,70579
37896,100178
43869,106235
28581,91919
11818,77743
11911,77805
53099,114692
41423,103924
8643,75463
35526,97859
32862,95074
51615,113301
44412,106760
41449,103949
42500,104921
5222,72271
51139,112877
39082,101299
19162,85141
44759,107072
18522,84536
38878,101098
45006,107267
53333,114930
22815,88834
18133,84129
49117,110990
36342,98637
9264,76061
38872,101092
21520,87507
45035,107293
52712,114349
18649,84662
36017,98348
28752,92136
39850,102082
49193,111053
56429,117980
56899,118418
46546,108549
52069,113758
54458,116013
19064,85044
28673,92062
24211,90442
18463,84474
3871,70905
22077,88048
49925,111702
44919,107198
23415,89430
53147,114737
43099,105541
35172,97512
41131,103652
55796,117363
53936,115509
24286,90516
13426,79336
48455,110355
20081,86062
19373,85349
42680,105005
21213,87196
53514,115107
56191,117750
41974,104296
21996,87991
14033,79987
32290,91933
15200,81074
32538,94771
56418,117969
55017,116480
33578,95879
45571,107796
24639,90846
10732,76797
30913,94191
57147,118674
21221,87202
40294,102522
47477,109384
3691,70768
23066,89084
55800,117366
5509,72452
22750,88766
44461,106775
34958,97299
42244,104661
19273,85245
43448,105832
42770,105185
24046,90281
55083,116539
39505,101683
38930,101149
1331,68419
57387,118933
55649,117188
57193,118721
67559,121241
22938,88953
37908,100190
21146,87131
3693,70769
53388,114981
11775,77707
52662,114289
48578,110473
51163,112898
4097,71146
54790,116256
38548,100793
8892,75697
4741,71778
22190,88201
3788,70819
38823,101049
53684,115270
58320,119872
57231,118766
55518,117075
5224,72273
34667,97031
33200,95414
39450,101704
21562,87542
34185,96658
55717,117258
55939,117514
37869,100151
53396,114989
19020,85001
57476,119025
20070,86049
43104,105544
49750,111545
38452,100708
52860,114484
58052,119628
39339,101575
39018,101236
38988,101205
53521,115114
42691,105251
45942,108129
67682,121363
41794,104261
43223,105644
39377,101629
23423,89438
4174,71221
33513,95503
33414,95525
39681,101902
41686,104178
4730,71768
42999,105425
37335,99623
262,67883
49424,111279
48734,110625
104,89805
41118,103637
21570,87549
15233,81154
67577,121259
55498,117056
55749,117316
58084,119657
33083,95302
20606,86582
57914,119489
5706,72611
28829,92210
19106,85087
40209,102441
40359,102610
40744,103340
33679,96029
21106,87089
3713,70780
35064,97403
56289,117841
52165,113857
54746,116214
5975,72877
41984,104422
40598,103188
5661,72571
3646,70726
45504,107741
22589,88609
42811,105241
52992,114609
33499,95616
18003,83988
38702,100938
11438,77437
3430,70525
52763,114403
21163,87146
43133,105567
53742,115326
41719,104201
19944,85935
18437,84449
19942,85933
4329,71334
33230,95442
56469,118019
4338,71492
42666,105242
41966,104300
52923,114547
55463,117024
49682,111481
53109,114686
20795,86773
5056,72081
51017,112765
11710,77646
1159,68279
4531,71597
17673,83630
56051,117622
42545,104961
19690,85679
4945,71986
6335,73219
37949,100231
43982,106344
40438,103022
55701,117243
40730,103322
18991,84975
48921,110786
51016,112764
21113,87096
57288,118826
49954,111724
50039,111780
31253,94552
1496,68579
28806,92194
45374,107619
52718,114355
32718,94926
14039,79993
22223,88232
31337,94630
53248,114846
20375,86342
14049,80005
47045,108956
54266,115840
4497,71542
45350,107591
21881,87869
21936,87923
38613,100855
33041,95259
31419,94697
35529,97862
45496,107733
4600,71623
9590,76310
23407,89422
42764,105179
46011,70152
32956,95170
51186,112915
12648,78581
52574,114196
1442,68525
18532,84544
1443,68526
57736,119306
3338,70425
48651,110546
31316,94607
22364,88372
34955,97296
51517,113207
57597,119158
3364,70460
23314,89331
58062,119637
4525,71591
57611,119172
28743,92126
21964,87963
39955,102186
55587,117127
44176,106525
10363,76414
52346,114009
48571,110468
22772,88787
40559,103111
39673,101896
56406,117957
6129,73038
35912,98250
1382,68463
22421,88446
22736,88740
32705,94913
42922,105370
18452,84462
21818,87815
35056,97396
51720,113413
15343,81237
22975,88990
10346,76399
44801,107105
42151,104573
5120,72147
49642,111454
21800,87805
19549,85531
14242,80187
35507,97843
23618,89620
5788,72691
55342,116907
23177,89199
8715,75427
58040,119618
37979,100260
42426,104845
41325,103841
58002,119584
33469,95975
21269,87262
19493,85474
2907,69996
53988,115562
19625,85609
3822,70855
3599,70688
50946,112706
51130,112868
52304,113971
19099,85079
58304,119855
20269,86239
40389,102618
10922,76937
25904,91546
58293,119845
35153,97491
47025,108936
49131,111003
51749,113442
54269,115842
44456,106802
54856,116329
32926,95139
28624,91982
20338,86308
21498,87484
21086,87070
54033,115606
67536,121216
43572,105948
52343,114006
53759,115341
33003,95217
17921,83913
54199,115774
24043,90278
42497,104880
40732,103328
43859,106224
20627,86607
20581,86592
42605,105057
4661,71695
47255,109155
24318,90549
41053,103589
55071,116527
39994,102218
37981,100263
11755,77688
38674,100912
41117,103641
18287,84291
44985,107247
52735,114376
43999,106358
18455,84465
56721,118253
42761,105176
44191,106534
48457,110357
22449,88467
67729,121411
52720,114359
52550,114173
23125,89147
12728,78658
67706,121389
3485,70580
55434,116994
5517,72458
67713,121395
52457,114094
49349,111207
40299,102527
21085,87069
39752,101981
15973,81828
53720,115305
55571,117114
55129,116658
47447,109350
3795,70826
11784,77715
33102,95316
46537,108545
22724,88736
38680,100918
19143,85123
4740,71777
49354,111212
23155,89179
46209,108336
49445,111310
56178,117738
32652,94862
39761,101994
42273,104690
44849,107134
4759,71795
42036,104471
21412,87396
43231,105649
11697,77632
11448,77447
39968,102200
41566,104081
5016,72055
52513,114140
5476,72428
40436,103020
4163,71211
4565,71629
41400,103916
41756,104227
53883,115459
19164,85143
37989,100272
21428,87418
9411,76171
55096,116551
10638,76682
39531,101762
53862,115442
23588,89591
20043,86018
35426,97757
4092,71141
56997,118521
40402,102641
47090,109000
50031,111774
11879,77788
21966,87952
22711,88725
5920,72815
39095,101312
56557,118102
3394,70496
55958,117532
4213,71255
55080,116536
48325,110225
35537,97869
47114,109021
11813,77738
55346,116909
52977,114581
24244,90473
8760,75583
22720,88733
55954,117528
57732,119302
56029,117601
4851,71883
33596,95892
56560,118105
4528,71594
38354,100636
38366,100649
20291,86263
55617,117159
4668,71703
9352,76126
42311,104724
57696,119263
54174,115752
41899,104350
45853,108046
36280,98589
35536,97868
42287,104702
20659,86639
16487,82390
4571,71635
56671,118205
55836,117418
52264,113937
41371,103902
15576,81469
38443,100720
21077,87061
54243,115819
38171,100459
34977,97319
54343,115907
3444,70538
54536,116091
36240,98564
15168,80476
44604,106931
33419,95550
56276,117829
58307,119858
24107,90340
56069,117638
43475,105860
19680,85669
23254,89277
808,67903
51559,113250
38214,100499
52870,114492
51825,113510
20278,86251
56341,117894
825,67919
5689,72594
56212,117770
10723,76745
6286,73182
11908,77794
56801,118326
22558,88577
54940,116410
54390,115947
43058,105507
33517,95679
36353,98660
41997,104437
2966,70056
13270,79226
6267,73161
20528,86500
38438,100716
3957,71009
42563,104981
12285,78260
48435,110335
44485,106822
55608,117149
42182,104600
4446,71483
2975,70065
3229,70316
53380,114973
20224,86194
56657,118191
56455,118007
44680,106998
264,67885
54818,116287
38507,100752
43748,106120
35854,98197
55702,117244
20248,86219
2880,69968
8688,75510
53073,114701
22074,88045
57510,119065
40632,103237
20129,86104
51823,113508
5263,72304
43993,106353
14348,80293
39499,101678
41701,104187
55314,116878
34789,97151
56599,118141
30858,94169
55544,117098
34660,97024
52131,113825
44227,106576
4021,71023
57893,119466
52740,114381
35968,98299
34997,97336
25319,91529
22793,88807
52603,114222
41980,104423
55521,117078
55364,116928
57006,118530
55415,116975
55963,117537
32305,91944
4319,71381
8662,75482
51314,113026
33612,95571
23429,89444
56146,117709
56207,117765
53171,114765
56943,118461
5844,72736
39866,102096
43316,105710
43064,105509
39049,101261
18801,84814
45513,107752
57734,119304
39909,102136
4719,71758
53500,115092
51167,112902
46130,108272
51437,113128
44242,106596
43481,105864
38618,100861
20279,86252
58330,119882
5768,72674
44273,106622
3808,70837
56095,117660
39790,102000
10437,76483
3733,70792
10963,76973
44451,106796
4068,71127
28619,91978
20858,86840
43190,105625
40796,103392
31326,94617
6172,73073
10536,76580
58200,119757
11429,77428
11920,77814
52869,114491
261,67882
51132,112870
54529,116084
43325,105719
48114,110023
39633,101863
43343,105734
22331,88351
56589,118131
39420,101663
28800,92189
35995,98326
33403,95807
1383,68443
32769,94973
39995,102255
53260,114836
53848,115425
47105,109012
36137,98435
41650,104132
9249,76003
55030,116491
39430,101671
19467,85445
58436,119946
38900,101119
10867,76883
5865,72757
23324,89341
49614,111409
53609,115201
40156,102385
43630,106009
32713,94921
56133,117698
53256,114854
42856,105296
11408,77406
1322,68410
38157,100446
19789,85781
37997,100280
52787,114424
3309,70395
42359,104775
46922,108844
4216,71258
51284,112998
38599,100842
4399,71439
33109,95324
8909,75714
6020,72929
44922,107201
45356,107603
41525,104022
9334,76109
41460,103967
38993,101210
11088,77114
5511,72454
38587,100831
38256,100541
48193,110102
53122,114640
49510,111332
4691,71728
41223,103749
58377,119924
1607,68688
4238,71281
23735,89817
40269,102497
49689,111496
5901,72793
42183,104601
53400,114993
50043,111783
55767,117335
5737,72642
11466,77464
3391,70493
57310,118854
45850,108043
34998,97337
56792,118318
15108,81116
10904,76921
44361,106706
4784,71820
31350,94642
35865,98209
51259,112982
38074,100363
57702,119269
19171,85149
51101,112840
54964,116433
19541,85523
21204,87189
34804,97164
56410,117961
33000,95213
52564,114186
44034,106391
4144,71194
3677,70762
5425,72376
3783,70814
863,67954
56861,118384
44684,107001
54703,116175
13469,79426
49232,111092
41289,103806
55795,117362
34967,97308
1137,68259
1295,68384
38979,101197
47756,109664
22863,88880
39591,101820
67534,121214
45476,107711
21702,87701
53651,115241
45229,107483
215,67963
58192,119748
54025,115589
45298,107548
32808,95017
8605,75423
37933,100215
22289,88296
5532,72470
22965,88974
55320,116884
42021,104459
38550,100795
32650,94860
10877,76893
53754,115338
52226,113912
53331,114928
1327,68412
23580,89583
23828,89927
53637,115228
3785,70816
19223,85198
58086,119659
55312,116876
22605,88624
24330,90561
32696,94907
11470,77465
49635,111438
32520,94757
40321,102554
11690,77625
40548,103153
55681,117228
43130,105566
31256,94555
55986,117559
52115,113803
23335,89352
44913,107195
40585,103175
16445,82350
55614,117156
56424,117976
44211,106561
58354,119904
23268,89289
23359,89376
9592,76312
55973,117545
24253,90482
35864,98208
977,68079
23572,89576
3566,70648
42840,105282
56081,117649
41504,104003
47831,109747
49915,111694
43051,105494
11896,77819
34935,97277
20779,86757
55791,117358
43874,106240
19084,85065
38143,100432
55632,117175
18294,84299
51171,112910
54452,116007
57327,118871
57278,118816
20304,86276
56723,118255
42645,105144
56255,117807
33020,95245
51415,113122
33145,95358
43121,105558
55924,117500
40377,102612
56923,118442
47386,109284
55661,117200
18459,84470
6040,72951
67627,121307
43723,106095
19502,85489
57212,118743
45270,107524
44963,107230
57844,119416
40510,103095
25265,91450
58386,119927
41165,103691
5067,72102
39391,101636
51864,113546
57501,119052
44965,107232
44511,106851
31262,94561
38583,100827
5280,72321
9278,76031
48601,110495
55686,117227
19237,85213
51343,113040
47024,108935
38832,101058
39825,102057
18141,84136
43017,105460
54578,116136
23047,89068
37928,100210
38971,101188
32307,91947
4183,71224
41129,103650
20222,86192
21993,87988
44065,106423
4152,71202
5233,72281
19398,85373
57008,118532
33526,95746
6062,72974
48199,110108
17734,83691
47378,109277
54317,115884
11786,77711
17897,83879
20702,86681
56307,117861
42742,105131
57809,119380
51072,112820
22782,88796
44735,107058
22266,88272
12908,78830
49079,110952
46231,108356
41373,103957
33244,95456
58037,119616
51468,113157
32770,94975
53212,114803
44216,106566
43663,106040
8519,75339
48179,110088
32680,94890
43317,105711
22357,88365
58082,119655
4806,71850
54323,115890
18413,84424
10902,76919
24782,91370
9468,76223
40001,102261
3060,70150
18015,84002
3880,70914
39362,101607
56256,117808
21433,87423
45473,107708
44153,106518
20106,86088
4320,71382
41829,104170
40416,102653
3457,70551
53998,115572
39972,102226
12337,77982
33456,95459
19787,85779
1347,68437
33214,95425
47885,109807
46088,108243
23031,89055
41602,104100
24196,90422
57075,118601
42558,104975
5708,72613
44993,107255
210,67846
53980,115554
8915,75719
54925,116395
10332,76393
52497,114125
19538,85520
52876,114498
50046,111786
24212,90443
35484,97818
21488,87474
55462,117023
48275,110179
39934,102161
32871,95083
56016,117590
21366,87357
24214,90445
38476,101332
52014,113699
67744,121426
39709,101935
5019,72059
52796,114429
50010,111757
57565,119125
20509,86476
4091,71140
34970,97310
55993,117567
55756,117323
53395,114988
18348,84356
46140,108282
34933,97275
4007,71072
51374,113083
19578,85560
54886,116360
53598,115190
67746,121427
20026,86001
18267,84271
11711,77647
40736,103332
57036,118558
51499,113188
17824,83809
34783,97144
58423,119934
33272,95660
28746,92129
51578,113267
39870,102100
1087,68188
20746,86724
20091,86072
51614,113300
38990,101207
22453,88468
34846,97205
33165,95380
19499,85480
44643,106964
19025,84986
11923,77837
57291,118829
38418,100697
56839,118361
33531,95709
55561,117106
44791,107097
32989,95202
45474,107709
6327,73212
23874,89965
13041,79017
3162,70245
20633,86614
48780,110667
40667,103264
42204,104622
9237,75991
47692,109598
35906,98245
2949,70040
22777,88791
40319,102553
3305,70391
53919,115493
43834,106200
38303,100588
33580,95881
22814,88833
53612,115203
25338,91566
961,68062
45221,107475
18695,84706
44556,106891
57014,118538
22707,88721
3518,70606
19416,85391
55372,116936
43945,106307
54795,116261
53708,115292
32983,95194
8930,75733
39663,101916
9444,76199
19785,85777
21422,87406
23488,89501
8571,75384
55740,117306
49824,111609
3267,70353
43699,106072
11715,77650
15213,81080
47132,109039
21386,87374
49206,111066
37855,100137
33153,95366
43815,106181
48173,110082
49725,111525
32891,95103
47065,108977
54859,116332
22445,88460
39471,101721
41803,104269
38105,100395
45393,107636
6127,73036
51554,113245
43647,106025
6314,73201
19605,85589
36228,98523
19127,85107
45108,107365
8897,75702
54046,115618
21997,87992
40323,102581
35154,97490
36871,99167
3433,70528
23393,89408
39043,101255
35077,97415
47048,108959
23296,89313
42568,104985
40355,102626
20694,86672
23100,89120
43362,105750
44695,107010
2958,70048
55450,117011
5829,72726
24302,90533
45933,108123
39631,101861
58038,119610
47523,109430
18109,84103
23846,89944
4033,71087
25232,91421
42530,104950
57382,118929
22632,88662
3454,70548
48725,110616
4892,71950
47857,109777
54320,115887
5473,72425
57969,119547
42618,105089
49848,111632
54619,116580
12563,78509
3458,70552
33018,95242
38106,100396
38379,100659
2997,70087
22560,88579
58011,119592
58881,120336
53837,115415
15262,81059
41380,103963
36136,98434
37947,100229
15175,80011
20240,86211
904,67996
32818,95027
38954,101172
57658,119226
47850,109770
55110,116641
21462,87447
5024,72062
5255,72297
14345,80292
4219,71261
58111,119681
5281,72322
5206,72255
48391,110292
32620,94834
20137,86111
52171,113863
1390,68473
8702,75520
10354,76404
49934,111709
43894,106258
44432,106778
38825,101051
43901,106265
52486,114115
55936,117511
56389,117940
54154,115732
22988,89002
5337,72205
54386,115944
1370,68456
53477,115067
55422,116982
32940,95153
2993,70083
3843,70877
56648,118183
1014,68118
54865,116338
33636,95919
20272,86242
48439,110339
55385,116950
18965,84955
51027,112774
51512,113201
49519,111342
40508,103093
5333,72201
45826,108020
45424,107659
47021,108932
20208,86180
49524,111343
4707,71745
46998,108910
38664,100907
52083,113771
3077,70167
52120,113779
57932,119508
55032,116493
11410,77409
39753,101985
41085,103617
55818,117396
53401,114994
39350,101595
9480,76234
33076,95288
4974,72018
9597,76317
33450,95600
42758,105174
55097,116552
42780,105170
47540,109444
53636,115227
56068,117637
5649,72560
20792,86770
53948,115521
20441,86408
47016,108924
55012,116476
47050,108961
4191,71232
49068,110941
44920,107199
48494,110394
22090,88095
39639,101869
52140,113840
57755,119324
56072,117641
21184,87165
19457,85439
43893,106257
14357,80306
36336,98646
8924,75727
40297,102525
52187,113875
12193,78170
45106,107363
57170,118698
41167,103693
44426,106744
23312,89329
20755,86733
41702,104188
920,68016
47119,109028
58325,119877
45012,107273
1196,68235
18742,84751
45315,107564
42072,104531
57498,119049
18315,84321
34756,97117
23315,89332
52401,114053
41390,103909
3929,70988
24232,90461
3585,70667
21309,87294
20548,86525
54049,115621
54769,116236
38399,100677
9177,75920
43179,105630
6346,73230
1013,68117
53332,114929
42554,104971
34877,97237
21721,87722
40646,103233
56349,117903
40542,103148
55611,117152
21389,87377
38060,100345
56427,117978
12735,78666
46077,108232
20664,86647
1221,68306
55908,117483
53800,115383
10826,76850
44584,106913
20713,86690
45426,107660
22280,88287
24217,90448
49963,111731
40197,102430
54602,116153
38047,100333
40611,103210
56581,118123
5291,72331
4450,71487
55115,116648
39899,102170
55971,117543
55536,117090
41489,103989
8505,75328
51886,113570
56636,118173
22222,88231
34956,97297
24320,90551
56193,117752
19344,85310
12288,78265
11548,77540
34934,97276
38131,100420
34798,97160
32626,94839
53706,115290
43876,106242
28745,92128
40324,102582
54539,116094
49129,111001
54845,116318
44553,106888
32491,94738
20080,86061
23366,89383
47549,109453
56407,117958
39523,101755
43090,105535
32684,94894
39664,101917
37830,100112
45851,108044
51457,113148
41696,104186
45364,107610
57748,119318
38072,100358
41094,103626
33574,95875
42657,105032
56579,118121
6165,73067
1371,68457
51814,113499
19979,85966
43823,106189
44124,106480
40724,103318
67560,121242
43125,105562
45469,107704
67661,121346
33028,95252
41786,104254
57285,118823
53551,115145
22367,88375
56295,117849
8679,75499
40520,103105
38097,100387
42514,104939
42552,104969
57862,119435
57851,119423
49802,111592
38487,100732
42585,105017
52242,113925
21211,87194
56575,118117
44638,106961
36161,98458
40077,102236
41211,103738
54634,116601
49738,111535
39238,101490
20300,86274
52804,114436
5817,72717
43014,105457
38058,100343
41184,103710
21100,87083
21808,87808
54540,116095
11072,77098
21164,87147
43897,106261
44532,106869
52844,114463
19956,85946
53704,115288
45838,108031
48640,110535
57063,118590
32495,94741
18829,84844
18291,84296
17962,83946
21511,87497
19447,85423
11028,77040
57942,119519
19783,85775
1073,68176
38430,100709
54547,116103
17969,83953
38648,100890
40101,102296
42449,104865
21509,87496
38816,100909
39628,101858
51222,112951
34995,97335
54852,116325
56781,118308
32740,94945
41406,103922
44022,106379
24958,91106
33606,95902
21828,87823
19141,85121
21961,87951
54834,116304
39000,101218
54566,116122
34916,97263
31422,94702
57952,119527
46405,108436
46195,108325
38532,100777
52244,113927
52853,114478
21154,87139
20466,86433
23704,89736
46929,108850
53347,114940
38388,100668
5040,72093
38955,101173
20457,86424
58830,120289
21496,87482
52972,114590
11089,77115
44548,106883
56592,118134
52832,114460
55616,117157
39361,101606
47551,109455
17981,83965
5207,72256
859,67948
58158,119716
49318,111166
55651,117190
54500,116048
44047,106405
35525,97858
23343,89360
5053,72078
58045,119623
44350,106696
25278,91459
40437,103021
10744,76762
38176,100464
24224,90455
53945,115518
57315,118859
36006,98337
53971,115543
48929,110793
1110,68204
34810,97170
6606,73379
22467,88481
58833,120292
56152,117715
40086,102311
2869,69958
22939,88956
3117,70207
28685,92071
56632,118169
25236,91424
23385,89400
43986,106348
39670,101893
5927,72821
19193,85169
57481,119030
53804,115387
54654,116608
23624,89625
57721,119290
22262,88271
1129,68251
21242,87223
14302,80249
42170,104586
55459,117020
54485,116036
52036,113728
52067,113756
18417,84427
53665,115254
3900,70959
54268,115841
49509,111331
19097,85077
52885,114507
22901,88916
4616,71652
52653,114274
52643,114265
43073,105518
46109,108260
23953,90091
54392,115949
43669,106046
52789,114426
28821,92209
4529,71595
54777,116243
19311,85282
3654,70735
21738,87742
22657,88638
40754,103349
52887,114504
45326,107574
11706,77642
33081,95294
52613,114235
35452,97783
39925,102152
3274,70360
33655,95848
56454,118005
5697,72602
23372,89388
42117,104544
45465,107698
55435,116995
6139,73046
33047,95235
23952,90090
4665,71699
38593,100836
32896,95108
55067,116524
54450,116005
42543,104959
44447,106792
32781,94985
4149,71199
56477,118027
33209,95421
48466,110366
39642,101872
40512,103097
42313,104721
46194,108324
21048,87033
11797,77726
21175,87158
12323,77969
49304,111163
51137,112875
5000,72041
38886,101106
22261,88270
24341,90572
6104,73008
57923,119499
20275,86248
37798,99920
38431,100710
36252,98541
42623,105087
57744,119314
56699,118232
53237,114826
11425,77424
46839,108763
5730,72635
55678,117217
39016,101234
49060,110933
8636,75455
35449,97780
43337,105729
47478,109385
57907,119482
45359,107605
44550,106885
23591,89595
22460,88475
38718,100971
31400,94681
54793,116259
43925,106289
56953,118471
42813,105220
56112,117676
4607,71643
53938,115511
1095,68196
41383,103965
32758,94962
57426,118970
44439,106784
3792,70823
38332,100614
55890,117466
57816,119385
9339,76114
49916,111695
55709,117250
53952,115525
25240,91427
3332,70419
22751,88768
39826,102058
53404,114997
51308,113020
67546,121227
2953,70044
39539,101768
54275,115848
9338,76113
42463,104897
57443,118993
46017,108194
43039,105483
4039,71092
8934,75768
38651,100894
52775,114413
43936,106298
53135,114734
2998,70088
20136,86110
22663,88643
53383,114976
40051,102302
57670,119238
56196,117755
38269,100553
54298,115867
21178,87161
39042,101254
24187,90414
38515,100766
33128,95342
37890,100172
33617,95576
56662,118196
24233,90462
21047,87032
20710,86687
38090,100379
19622,85606
31374,94660
51148,112883
55379,116943
55902,117477
44120,106478
4601,71624
4981,72024
43644,106022
39717,101943
41919,104372
55340,116905
28785,92171
11442,77439
20049,86026
52760,114400
23434,89449
23081,89095
23739,89821
19319,85289
57100,118624
49263,111111
47545,109449
52384,114043
42012,104451
5914,72809
22989,89003
32299,91939
6313,73200
3508,70599
45439,107672
43428,105813
19115,85095
4825,71859
53996,115570
38371,100654
3187,70273
40644,103231
35539,97871
51282,112997
40669,103266
57120,118641
51796,113487
41665,104151
24047,90282
5852,72743
44894,107177
37977,100258
57393,118939
52210,113898
52933,114553
43124,105561
55366,116930
44527,106864
4159,71207
20839,86793
19921,85912
21530,87516
10549,76593
52510,114137
22204,88213
52985,114602
20761,86739
51216,112945
19049,85030
40263,102493
46943,108862
44640,106967
49127,110999
43664,106041
46473,108495
20113,86094
38381,100661
1752,68830
41508,104007
57718,119286
43994,106356
50052,111791
4749,71786
52280,113950
54052,115624
43587,105962
9467,76222
19472,85450
42458,104875
18080,84073
24251,90480
1146,68268
42179,104597
52352,114014
43842,106221
39781,102012
55677,117216
54420,115977
33033,95257
5032,72070
54608,116563
25309,91496
44147,106502
57264,118802
35998,98330
51178,112911
41086,103618
22994,89008
1113,68207
40167,102399
55856,117435
40405,102644
23604,89607
52041,113733
38323,100605
32832,95041
47056,108968
53803,115386
21988,87983
3176,70258
51435,113126
44450,106794
36875,99171
36058,98375
48574,110471
32886,95098
35770,98112
25340,91568
38248,100533
33059,95270
3745,70796
14243,80185
48135,110044
9226,75951
43657,106034
5508,72451
40004,102264
24259,90487
55048,116506
2923,70014
41200,103728
38879,101099
54842,116315
48980,110827
22104,88108
53174,114768
52846,114465
38610,100852
32734,94939
6176,73076
54494,116043
38069,100354
52024,113715
23288,89307
8500,75323
41434,103935
39579,101808
52581,114203
21061,87046
28801,92183
24299,90530
40306,102534
58313,119864
17902,83884
67600,121280
20289,86261
52654,114275
52794,114428
40626,103215
22620,88647
45434,107668
51791,113483
3337,70424
4199,71240
49621,111416
32532,94766
55441,117002
10608,76656
20176,86148
48475,110375
56708,118241
5815,72715
19012,84993
42331,104746
56126,117691
39977,102221
56030,117602
49306,111165
1476,68560
3899,70958
56179,117739
54653,116614
38083,100372
40177,102410
41971,104404
56246,117801
43057,105501
44794,107100
18977,84961
56774,118302
42066,104504
3969,71033
43344,105735
58171,119728
45960,108146
44612,106937
39278,101521
10308,76370
49132,111004
11971,77892
57581,119141
8948,75762
10509,76506
6220,73119
8755,75540
58357,119906
23476,89459
51169,112908
28578,91917
58283,119835
32633,94845
19121,85101
38839,101062
51935,113615
18529,84541
6208,73109
12652,78584
4967,72011
52281,113951
4236,71280
22302,88313
5857,72748
38902,101121
21542,87524
8979,75782
45895,108085
19580,85562
38084,100373
67699,121382
57617,119178
8887,75692
52021,113712
32834,95043
34805,97165
20190,86162
54708,116180
39564,101793
41100,103630
33226,95438
32790,94993
23216,89234
45297,107547
19136,85118
32979,95199
4914,71958
45089,107349
41880,104334
3906,70965
25341,91569
8522,75341
23184,89205
40743,103339
47063,108975
1311,68400
3051,70139
41137,103661
10876,76892
56205,117763
35942,98276
43833,106199
3470,70564
3972,71036
48914,110779
54600,116151
28720,92102
5686,72591
52212,113901
36139,98437
25195,91386
4102,71159
4209,71251
23175,89197
57216,118749
38030,100313
28796,92185
18530,84542
56028,117600
55985,117558
1177,68221
45893,108083
56683,118216
38087,100376
51601,113285
55922,117498
39041,101253
13188,79170
18806,84817
52728,114368
11902,77838
49295,111154
35466,97798
45264,107519
33445,95626
55448,117009
45563,107787
18086,84080
40043,102344
5479,72429
55904,117479
51199,112928
42969,105437
22044,88019
22726,88741
19081,85062
45858,108051
23607,89610
40326,102584
51585,113273
55092,116547
43854,106213
56420,117972
32851,95061
54952,116421
52786,114423
31207,94476
51797,113488
19970,85957
39682,101903
8877,75682
49745,111540
49152,111023
39057,101270
41963,104398
6159,73062
12561,78507
38198,100485
23344,89361
10497,76509
11924,77832
22395,88402
48358,110259
37860,100142
15256,80538
41657,104139
48876,110747
48153,110062
23096,89119
22548,88568
28611,91970
28596,91954
57944,119521
41245,103770
40170,102402
33224,95436
38849,101072
38492,100737
23309,89326
56163,117726
35874,98217
19227,85202
41562,104054
38558,100802
5018,72057
38223,100507
47069,108981
35502,97838
21318,87304
5792,72694
45067,107324
18797,84804
4522,71588
55054,116512
37994,100277
45525,107758
41209,103736
17885,83867
22839,88859
5867,72759
17883,83865
22427,88442
21485,87471
41809,104275
8967,75747
21107,87090
44248,106598
21878,87866
19982,85968
57296,118834
45086,107346
28618,91977
22005,88004
54239,115815
51261,112983
42336,104752
11409,77408
38125,100414
41216,103743
4013,71016
3389,70491
57213,118746
20866,86847
19478,85464
39747,101975
22283,88290
51043,112796
23256,89281
31403,94684
44103,106461
38365,100648
43832,106198
20311,86282
18259,84263
8811,75631
2919,70010
50021,111766
57425,118969
8850,75661
53619,115210
51211,112940
3154,70271
32640,94851
67636,121315
56302,117855
33443,95593
255,67876
38150,100439
19117,85097
57532,119089
52558,114181
20088,86069
48117,110026
38974,101192
55015,116478
54141,115711
20728,86705
9280,76033
41784,104252
45844,108037
53259,114835
49216,111076
45562,107786
42689,105041
23611,89613
46471,108494
42427,104842
3584,70666
24387,90608
58360,119908
47271,109170
19146,85126
53942,115515
4130,71186
6116,73026
44282,106631
44042,106400
33467,95844
32890,95102
52156,113866
20318,86288
49684,111483
4729,71767
54306,115875
5698,72603
53715,115300
5510,72453
22365,88373
45290,107541
41883,104337
41445,103945
67736,121418
40342,102561
52556,114179
931,68023
43575,105951
47029,108940
24377,90599
44895,107178
20492,86459
3432,70527
42044,104479
48713,110604
45911,108101
21524,87510
22635,88665
32644,94855
45822,108016
33516,95678
53466,115055
57380,118927
21969,87955
52726,114366
12674,78604
20687,86665
42732,105121
44655,106977
44662,106983
55669,117207
1674,68754
5316,72185
39445,101699
3928,70987
22990,89004
14407,80349
57005,118529
42411,104825
38601,100844
8536,75358
56568,118111
10552,76596
39975,102219
21020,87007
57347,118889
6217,73115
58021,119601
22522,88536
40226,102458
46168,108302
15335,81229
24339,90571
54070,115643
33112,95327
20741,86718
46959,108876
4161,71209
20566,86543
49879,111653
57662,119230
35045,97385
44266,106616
51990,113676
19998,85982
54899,116371
22076,88047
34669,97033
52002,113688
20626,86606
47693,109599
36133,98431
22083,88088
48566,110463
21501,87487
6325,73210
8993,75798
42258,104674
55612,117154
47087,108997
55500,117057
47098,109005
23470,89485
18098,84092
22854,88865
4530,71596
31389,94669
57080,118606
32622,94836
51212,112941
43105,105545
28773,92149
38222,100506
3185,70265
54393,115950
43449,105833
43186,105605
67656,121336
5437,72390
36370,98684
21927,87914
23014,89026
842,67935
19391,85365
52706,114343
55943,117518
22575,88594
38409,100687
1036,68140
54200,115775
43953,106315
41780,104248
56132,117697
23581,89584
54788,116254
32681,94891
18352,84363
19244,85218
19442,85418
31257,94556
39588,101817
32962,95176
40194,102427
39573,101802
941,68033
43300,105694
16610,82444
1609,68690
38110,100400
20834,86816
38505,100750
58051,119627
49646,111458
6322,73207
23301,89318
38940,101158
42261,104677
37982,100264
44649,106971
58140,119699
52005,113690
52861,114485
4211,71253
4889,71947
939,68031
5210,72260
39446,101700
13623,79504
23645,89645
39816,102047
55318,116882
19242,85216
41219,103745
44233,106583
19038,85020
23686,89720
39668,101891
51020,112768
39672,101895
32559,94790
42940,105349
970,68072
47457,109363
57863,119436
52636,114258
19977,85964
38673,100911
2995,70085
3495,70590
55981,117553
35871,98214
11431,77431
54677,116635
38999,101217
10588,76638
47403,109300
40497,103082
57661,119229
49333,111190
53161,114760
44025,106382
18976,84960
28615,91974
38179,100467
56932,118450
67655,121335
45104,107362
46013,108191
11765,77697
49798,111588
45077,107335
32822,95031
6359,73242
44109,106467
8489,75312
53390,114983
5450,72404
47070,108982
18077,84070
53405,114998
49112,110985
32563,94793
42296,104710
41885,104339
46822,108748
6027,72938
55947,117521
41769,104238
49774,111568
57679,119247
22991,89005
55466,117027
54927,116397
8409,75232
49695,111502
54442,115997
43341,105732
38551,100796
51278,112994
11721,77655
57218,118751
22923,88937
48459,110359
51361,113071
51002,112750
10836,76852
38081,100370
40727,103321
23082,89096
36235,98528
53618,115209
40711,103296
56814,118337
52193,113887
20907,86889
1610,68691
35086,97422
38710,100963
56249,117803
41519,104018
54265,115839
57337,118880
43697,106070
55310,116874
39359,101604
39718,101944
43434,105818
21194,87179
47106,109013
3507,70598
41733,104213
35503,97839
40237,102468
37679,99972
4050,71105
39823,102055
3128,70218
5938,72836
45197,107450
54238,115814
56643,118179
22691,88706
57312,118856
45871,108064
37350,99650
47084,108994
52447,114085
22862,88879
4469,71508
11913,77798
40600,103190
22229,88239
58437,119947
23140,89163
1467,68551
44285,106634
5203,72252
38803,100955
40076,102234
52746,114386
45459,107693
4373,71412
6141,73047
52926,114540
53739,115323
22321,88332
9044,75807
4358,71398
5178,72228
22899,88915
5660,72570
23371,89387
48413,110317
52233,113919
58032,119611
36015,98346
40287,102515
53890,115465
48151,110060
43380,105764
49694,111501
48080,109989
5322,72190
22673,88688
57690,119259
42063,104501
47035,108946
47450,109353
54821,116290
24252,90481
21429,87419
41789,104257
10574,76685
42960,105400
46996,108908
53741,115325
48052,109960
54056,115628
54774,116240
3791,70822
49045,110922
23394,89409
43877,106243
10443,76489
55584,117124
45839,108032
48645,110540
42312,104725
41881,104335
51368,113077
55436,116996
67794,121473
48609,110505
52318,113986
3628,70711
51903,113586
56360,117914
8530,75349
2916,70007
1346,68434
31397,94678
24277,90507
41993,104434
18069,84059
45205,107457
23511,89521
18972,84957
45967,108152
45295,107545
42047,104482
22298,88306
4142,71158
55896,117472
53370,114963
55515,117072
22119,88130
54521,116066
19627,85611
52814,114446
57895,119468
36258,98560
33465,95985
38330,100612
4535,71562
22614,88633
13189,79171
39310,101587
31412,94690
43829,106195
55114,116645
32794,95000
25349,89765
40537,103142
15170,81155
22455,88470
38805,100959
34931,97273
52755,114395
38142,100431
22344,88354
9328,76098
41959,104395
55103,116557
47051,108962
20004,85988
40327,102585
48653,110548
5128,72156
53343,114936
32837,95046
20662,86641
32482,94726
23730,89812
13619,78788
34896,97251
32760,94964
38178,100466
56379,117931
51954,113634
18201,84200
40289,102517
48561,110458
54573,116130
38119,100408
6296,73188
55640,117182
56702,118235
52679,114311
38520,100770
56907,118426
40513,103098
33490,95510
49818,111607
41414,103894
2974,70064
14502,80459
43005,105431
52534,114160
35819,98158
49108,110981
52582,114204
52618,114240
50979,112729
8764,75586
17966,83950
10915,76932
52551,114174
22003,88002
45458,107692
49701,111507
22704,88718
9220,75945
23496,89507
42330,104745
45890,108079
38050,100335
5630,72545
44341,106682
44530,106867
20872,86853
43825,106191
19118,85098
4459,71499
36337,98643
43985,106347
5494,72440
55069,116526
55497,117055
20836,86789
46016,108193
31332,94624
43660,106037
22046,88021
40696,103291
49133,111005
1275,68366
40363,102623
38369,100652
39598,101827
46465,108490
44326,106674
19228,85203
56035,117606
19092,85072
46132,108274
40119,102276
56570,118113
55829,117411
34842,97202
22509,88523
43848,106210
52729,114369
53175,114769
54519,116077
57512,119067
47476,109383
21904,87876
53549,115143
42161,104579
4139,71153
55307,116871
48861,110732
38372,100655
42504,104926
49820,111605
57037,118559
4186,71227
34522,96135
22779,88793
47508,109415
4347,71387
18061,84048
19976,85963
43466,105850
53788,115376
4401,71441
49189,111099
40339,102629
54191,115766
54516,116064
43447,105831
49769,111563
40278,102506
56852,118375
44653,106975
32704,94912
52807,114439
56820,118343
58197,119755
40751,103346
49034,110912
24207,90440
33492,95727
42219,104636
57149,118676
44238,106587
56110,117674
52472,114105
22454,88469
22285,88292
24283,90513
55539,117092
8526,75345
202,67840
67688,121368
8975,75778
3261,70347
32708,94916
40400,102639
13518,79456
23098,89110
49728,111527
24395,90614
52698,114336
43255,105660
18212,84212
12560,78506
22797,88811
3821,70856
8972,75775
4351,71391
44132,106488
53750,115334
3916,70975
33660,95989
55541,117095
56616,118156
11147,77084
22883,88897
4508,71532
24206,90439
56558,118103
41329,103845
23405,89420
38712,100965
38741,100995
53328,114925
21065,87050
42351,104767
67687,121367
8576,75389
38794,100951
39982,102205
35873,98216
47138,109044
22247,88257
19317,85287
58034,119613
23582,89585
39544,101773
42549,104966
3054,70142
19569,85551
44334,106679
23436,89454
22806,88822
34765,97127
18786,84796
947,68039
23672,89706
44479,106816
52894,114517
3041,70130
20751,86728
49553,111370
34948,97289
51158,112893
20657,86637
54279,115852
44349,106695
21827,87822
39358,101603
5006,72046
58075,119649
22420,88435
11846,77770
55095,116550
3486,70581
19023,85004
51152,112887
22458,88473
5907,72799
5212,72258
53859,115439
5406,72363
40478,103056
38865,101088
23381,89395
47561,109465
57145,118672
39291,101534
43400,105783
32721,94929
49643,111455
39321,101558
39766,101998
52826,114453
21819,87816
55472,117030
24218,90449
57314,118858
48371,110272
256,67878
43880,106246
17965,83949
37905,100187
33537,95667
5211,72261
19819,85813
3000,70090
37831,100113
20403,86369
21059,87044
9413,76173
55731,117297
33408,95812
33152,95365
44434,106780
57139,118666
5268,72310
31358,94650
39871,102101
39444,101698
1409,68491
33608,95890
45575,107801
43152,105586
4976,72020
40770,103366
52266,113939
55745,117312
20712,86689
47762,109672
33409,95813
10933,76945
39724,101951
46149,108288
8596,75404
20577,86546
57497,119048
37382,99584
20126,86102
17948,83932
54884,116358
5837,72711
20508,86475
3807,70836
19378,85356
38640,100883
46464,108489
56682,118219
51831,113515
47513,109420
11827,77751
43156,105590
19308,85279
22444,88459
42374,104790
31320,94611
48611,110507
23743,89825
57194,118722
23273,89294
33093,95310
33536,95666
40434,103015
5310,72179
44193,106549
37656,99959
18983,84967
54314,115881
54655,116564
34950,97291
1786,68865
5898,72790
4239,71282
55529,117085
48616,110512
51200,112929
23079,89093
28774,92158
41485,103985
39007,101225
45836,108029
3978,71042
24057,90292
49376,111232
20944,86926
3258,70344
56280,117831
21742,87746
52630,114252
23643,89643
33225,95437
55786,117354
3120,70210
32621,94835
54282,115855
38025,100308
22236,88246
56456,118008
51301,113013
4653,71686
32882,95094
54554,116110
54024,115588
4417,71455
53719,115304
41625,104117
57671,119239
2950,70041
67735,121417
43052,105498
24205,90438
28724,92106
18600,84616
6025,72935
56067,117636
41746,104221
3142,70231
52842,114472
41812,104277
52179,113851
4128,71184
8598,75406
45843,108036
21136,87119
12581,78535
53920,115494
20928,86909
42235,104652
22004,88003
23849,89945
18757,84767
11977,77898
46230,108355
44359,106704
58223,119780
51287,113001
4305,71306
53361,114955
24195,90421
47467,109374
43189,105624
4349,71389
34743,97106
56194,117753
35915,98252
53694,115279
47481,109388
42253,104669
38022,100305
54782,116248
67653,121333
20490,86457
23486,89500
39288,101531
35818,98157
21246,87226
51064,112813
57142,118669
19152,85132
55429,116989
5699,72604
11686,77623
9006,75826
51225,112953
24179,90406
20914,86896
52334,113998
55117,116647
57421,118967
43962,106324
48299,110199
53149,114752
53217,114808
58043,119621
55950,117524
33283,95737
53418,115007
44444,106789
39756,101989
55464,117025
18078,84071
57279,118817
13566,79506
46138,108280
34658,97022
3924,70981
51504,113194
4407,71447
52678,114310
41421,103900
21240,87221
10748,76766
8466,75291
14504,80460
38067,100352
43924,106287
3160,70243
8454,75278
53786,115365
51059,112836
19576,85570
56351,117905
38454,100727
48521,110421
52659,114278
19609,85593
56238,117795
5376,72348
55892,117468
3059,70148
53819,115400
23838,89937
32736,94941
57815,119384
22058,88033
41149,103725
13688,79590
34747,97110
54975,116443
52400,114052
56387,117938
55932,117508
45444,107676
67576,121258
41178,103704
41796,104263
39830,102062
23493,89506
20642,86621
39577,101806
67634,121314
32474,94717
35994,98325
24300,90531
51306,113018
8592,75509
57066,118593
56645,118181
23614,89616
41689,104181
20891,86875
39785,102016
33054,95264
41407,103923
35886,98228
20061,86037
20559,86536
5608,72528
23617,89619
22706,88720
3230,70317
48157,110066
48467,110367
44406,106754
49930,111706
54545,116100
23057,89081
44967,107233
37199,99483
57146,118673
5676,72580
23733,89815
42080,104518
45058,107316
4403,71443
4650,71683
37779,100059
38308,100590
12672,78602
47058,108970
56834,118357
11767,77699
39353,101598
20649,86628
53743,115327
44986,107248
39697,101924
39065,101280
54065,115637
53798,115381
24294,90517
67725,121407
19333,85315
6237,73134
35882,98224
11418,77417
39417,101660
42506,104928
45306,107558
55127,116656
54480,116032
58009,119591
4356,71396
54197,115773
55747,117314
53111,114694
45345,107598
4195,71236
22218,88227
58834,120293
42188,104605
20788,86766
35971,98301
48394,110295
57065,118592
3335,70422
41089,103621
17903,83886
35460,97792
40145,102376
23201,89222
5533,72471
28781,92167
48107,110016
53563,115157
40501,103086
41146,103671
43117,105554
20112,86093
44330,106678
54987,116454
53382,114975
36291,98601
52490,114119
58163,119721
6271,73165
33666,96000
46223,108349
32905,95117
1298,68387
58234,119790
51268,112986
38357,100639
15174,80600
53037,114631
9420,76180
36349,98656
45009,107270
41887,104341
54292,115862
39545,101774
52476,114109
36374,98700
23149,89173
47113,109020
20774,86752
52079,113767
41394,103912
51138,112876
22086,88091
58299,119850
48724,110615
55899,117475
35038,97378
3333,70420
6269,73163
8753,75538
46963,108881
20765,86743
48222,110128
58076,119650
32295,91936
12364,78299
22786,88800
44264,106613
3028,70118
41475,103979
45232,107486
44344,106690
22685,88701
55339,116904
19468,85446
41199,103727
3975,71039
57171,118699
48795,110807
52511,114138
11489,77483
20209,86179
22926,88940
11927,77849
53970,115544
10617,76669
19544,85526
39162,101410
3015,70115
19446,85422
22080,88087
56966,118484
38728,100974
1108,68202
45948,108135
18092,84086
43458,105842
39784,102015
41119,103659
9184,75927
43523,105903
5960,72860
24271,90500
36276,98585
55982,117554
52738,114379
11931,77825
23685,89718
54710,116182
41802,104267
10762,76780
1316,68406
48583,110479
10349,76401
33462,95628
67551,121233
818,67913
49156,111027
2973,70063
20479,86446
57460,119010
20218,86188
47562,109466
17135,82994
24049,90284
56655,118189
54689,116161
38301,100583
6336,73220
10846,76862
43981,106343
56955,118473
38968,101185
42033,104469
23566,89572
17646,83611
14336,80291
4874,71907
54322,115889
32643,94854
23533,89543
57664,119232
8733,75577
38113,100404
33202,95416
54041,115613
1186,68230
11024,77037
39570,101799
5848,72740
28645,92003
2947,70038
39719,101945
33380,95524
34542,96127
11273,77257
47111,109018
4513,71549
20844,86825
18604,84620
49299,111158
1391,68474
41466,103973
31398,94679
41589,104071
34545,96119
19345,85311
28,67831
23300,89317
52052,113744
34736,97099
45070,107326
44327,106675
3303,70389
38681,100919
46101,108252
42042,104477
23677,89710
32677,94887
33642,96035
32417,92220
43666,106042
23102,89123
23923,90041
33124,95338
20344,86320
52022,113713
42288,104703
45539,107767
54321,115888
3251,70338
4127,71183
54767,116234
42763,105178
48646,110541
42544,104960
4735,71772
57551,119108
53824,115403
13477,79431
9245,75999
41983,104421
18979,84963
22769,88784
19243,85217
41232,103757
19276,85260
24091,90325
44957,107225
10776,76794
54196,115770
25228,91417
57523,119080
52158,113868
45927,108117
4656,71691
51877,113559
5893,72785
57141,118668
6061,72972
38045,100329
48105,110014
55057,116515
9494,76267
28729,92112
47548,109452
52872,114494
56963,118481
48875,110746
20024,85999
39938,102163
44284,106633
8628,75435
5833,72729
41824,104288
38663,100906
23601,89604
23154,89178
40721,103307
45833,108026
52155,113865
1202,68290
55535,117094
32829,95038
57428,118972
48562,110459
8946,75760
46167,108301
55588,117128
44524,106861
49604,111399
67615,121294
36135,98433
36237,98535
40385,102616
53603,115195
40030,102332
5262,72303
4840,71872
3849,70887
42744,105107
32885,95097
41813,104276
24272,90502
42350,104766
3540,70625
6332,73216
4184,71225
43134,105569
40785,103380
6150,73053
67650,121330
4842,71874
4908,71937
23970,90209
54596,116147
16444,82348
41087,103619
42175,104591
20748,86725
20288,86260
19426,85400
21575,87554
1340,68427
55384,116949
42390,104807
8555,75372
17915,83907
47251,109152
42217,104634
18462,84473
5589,72516
3779,70810
48239,110145
10550,76594
4444,71481
39006,101224
53434,115021
22179,88189
52207,113894
56096,117661
51999,113685
44637,106960
51516,113205
21776,87782
22937,88952
49433,111288
51159,112894
52932,114552
53773,115370
55807,117374
41517,104016
5431,72384
57219,118752
47560,109464
52788,114425
22336,88339
45566,107790
47027,108938
56428,117979
19498,85479
3477,70571
42984,105444
55075,116531
57181,118709
22816,88835
20723,86700
48342,110246
3889,70930
53316,114912
21560,87540
44890,107174
43127,105563
37677,99970
42923,105371
57223,118756
34906,97257
37880,100162
57026,118549
38221,100505
51180,112913
33457,95948
49264,111112
45360,107606
42807,105237
44464,106776
3045,70133
11782,77714
38605,100848
6323,73208
39667,101890
10692,76715
2980,70070
58435,119945
43626,106005
24070,90305
18952,84943
57448,118998
42998,105424
15474,81344
32463,94706
9239,75993
20268,86240
67591,121273
23852,89948
23577,89581
8561,75377
4597,71620
4040,71093
67640,121319
39643,101846
19095,85075
53165,114763
33567,95782
5739,72644
53961,115536
47491,109396
1041,68145
19188,85007
21103,87086
49644,111456
45921,108113
36168,98465
47726,109630
13620,79500
56478,118028
44960,107227
855,67945
16109,83162
44320,106667
18484,84497
55646,117187
67602,121282
40617,103199
46541,108548
22551,88571
55672,117209
19312,85283
9594,76314
52008,113693
34774,97135
55543,117097
34458,96325
52113,113801
42928,105375
10454,76548
40089,102323
41805,104271
53559,115153
21203,87188
4936,71994
38561,100804
22792,88806
35002,97341
41143,103668
54839,116311
54546,116101
23647,89647
1063,68168
5762,72664
54507,116055
20454,86420
42338,104754
19395,85369
40196,102429
32819,95028
1172,68216
46814,108741
4228,71272
20322,86292
20232,86204
24398,90617
38822,101048
38011,100294
5430,72381
53327,114924
51794,113484
41518,104017
5398,72358
5464,72418
19285,85257
44490,106826
54198,115772
52032,113724
40725,103319
55386,116951
5969,72870
38466,101328
58851,120309
19346,85312
47828,109743
22355,88363
52651,114271
3858,70896
21420,87404
53963,115537
37840,100122
1608,68689
19492,85473
35465,97797
51366,113075
37280,99581
51179,112912
48717,110608
5204,72253
32496,94742
48791,110677
4989,72030
17845,83829
48103,110012
9366,76139
43375,105761
23836,89935
33496,95612
12001,77922
37931,100213
55855,117434
18640,84651
33514,95676
13510,79526
46442,108468
41795,104262
42927,105374
58887,120341
57238,118775
54248,115823
53141,114741
4706,71744
41458,103968
38950,101168
56347,117900
32292,91935
54753,116220
5531,72469
58161,119719
50993,112740
45372,107617
49864,111645
55484,117043
3559,70641
55700,117242
28741,92124
19445,85421
54441,115996
39842,102074
58031,119609
9525,76277
47250,109151
54989,116456
39578,101807
43928,106292
55668,117206
54947,116417
41569,104084
54816,116285
21541,87523
39262,101505
20456,86423
22648,88645
58306,119857
45486,107721
1233,68318
21755,87759
14152,80079
55337,116902
34915,97262
21934,87921
22318,88329
45966,108151
55762,117329
24176,90403
1315,68405
47864,109782
54926,116396
20449,86415
38524,100774
38763,101023
20495,86461
5713,72618
52138,113838
8443,75264
42483,104902
10797,76820
45456,107689
21578,87557
1118,68210
5635,72549
23546,89552
37844,100126
15173,81158
41537,104032
9370,76143
57477,119026
19168,85146
18566,84580
19890,85883
8436,75245
19443,85419
4554,71579
21427,87410
41196,103721
23043,89060
23626,89627
53417,115006
5885,72775
42472,104889
53692,115277
57849,119421
38296,100578
57777,119343
4343,71337
48792,110678
36324,98642
22406,88413
51157,112892
47471,109378
49039,110916
47825,109740
52780,114418
4983,72026
4579,71604
41678,104162
