52511,157071
51362,156029
19400,126566
80368,183327
85401,188013
11640,119058
7672,115505
37428,143355
36835,142763
11168,118593
15462,122719
44794,150016
28555,134922
9309,116966
68638,172142
85444,188054
35791,141706
51966,156584
50048,154820
72162,175586
102047,203913
91351,193492
78535,181616
42099,147625
5961,113939
72611,176016
1385,109978
90901,193079
74417,177700
86007,188589
6115,114054
43441,148754
86675,189221
61751,165992
52499,157062
25811,132479
68746,172245
7096,114960
106342,208013
82317,185112
13078,120468
87694,190097
87797,190184
37163,143090
25797,132466
82000,184825
45883,151033
68050,171596
54678,159020
7637,115470
56585,160849
51615,156273
85946,188536
40835,146511
94189,196240
45634,150793
4100,112363
21514,128568
59631,163981
58373,162706
99505,201445
39367,145195
35690,141610
75200,178598
8680,116354
57835,162047
51923,156544
100792,202692
5233,113294
74026,177320
75428,178822
77528,180727
68884,172371
77298,180530
31648,137853
36795,142723
35370,141299
101712,203588
66947,170646
50477,155199
100523,202435
12150,119529
54386,158778
82835,185597
54115,158544
28842,135191
41355,146964
99563,201501
34374,140347
11161,118586
76724,180016
8302,116029
89969,192242
106535,208200
41825,147368
94792,196841
64034,168167
47975,152973
74030,177324
99301,201245
15628,122887
24007,130812
35880,141787
99306,201250
95816,197829
1520,110098
21987,128971
53585,158043
83279,186008
68226,171757
9612,117233
92278,194356
74856,178184
28670,135026
103948,205782
14534,121834
25697,132372
97053,199020
108301,209940
102057,203923
12310,119706
108240,209879
80342,183301
62262,166481
62729,166913
54071,158501
44367,149619
63065,167256
89469,191756
40810,146486
78630,181705
88904,191258
8778,116437
39034,144884
64830,168807
9290,116949
82729,185499
72858,176203
81491,184366
84969,187584
79555,182555
21965,128951
103060,204918
50446,155172
48785,153742
94873,196920
80479,183437
38641,144527
51049,155737
48116,153109
81875,184716
78296,181415
99833,201767
73952,177249
29888,136132
73525,176841
72445,175854
52754,157300
70440,173930
12106,119474
48321,153301
100297,202213
55524,159839
36909,142836
60893,165156
15050,122330
39538,145342
44615,149855
85108,187721
37594,143521
103598,205438
13033,120424
8949,116611
95600,197625
69575,173078
56222,160506
48106,153099
67500,171121
20141,127271
73565,176880
74291,177576
55840,160142
94908,196955
19656,126808
47357,152397
13677,121025
64301,168363
95456,197487
88881,191238
43174,148504
16827,124034
49284,154166
96526,198525
74321,177604
62570,166777
14961,122244
85110,187723
98854,200808
9038,116702
56474,160744
52279,156863
107643,209286
3007,111397
7212,115072
108234,209873
24316,131083
77879,181026
50344,155079
85007,187620
100623,202529
67570,171184
49763,154575
37633,143560
20274,127390
53236,157730
100735,202639
59721,164070
82673,185447
20170,127298
70106,173597
73119,176447
47733,152735
9523,117169
105836,207511
57599,161817
57192,161429
9486,117135
35437,141364
3615,111941
38769,144648
80085,183054
69135,172605
13999,121340
34309,140294
100400,202312
55535,159850
62690,166884
19586,126745
68641,172145
82068,184880
9313,116970
7044,114912
87234,189722
106006,207687
9415,117071
66489,170280
90556,192759
70279,173772
71117,174603
54790,159132
50407,155133
14123,121454
47023,152106
82789,185556
1484,110066
97085,199052
67157,170817
23033,129911
8987,116646
20562,127657
58590,162917
16203,123420
69806,173303
76182,179533
85679,188268
78735,181792
73223,176546
54568,158919
3229,111602
38460,144353
76188,179537
17887,125193
67718,171318
38120,144025
87059,189570
2016,110509
69722,173223
106726,208389
23642,130475
79550,182550
61114,165369
43485,148798
16848,124054
8962,116623
90912,193088
38308,144217
12317,119717
2215,110701
84164,186826
49536,154376
102488,204348
9918,117505
100277,202193
22157,129129
69974,173469
58019,162297
86755,189301
94537,196586
15196,122467
88140,190511
88194,190562
61473,165713
76764,180045
92370,194444
86845,189383
70828,174312
107113,208776
92238,194318
37420,143347
68928,172409
51198,155878
633,109137
102073,203939
50391,155121
35062,140999
99648,201584
99825,201761
6629,114516
76292,179639
14284,121601
104061,205893
2365,110839
41565,147152
16621,123829
11310,118736
38751,144635
45524,150689
16328,123538
37908,143817
62428,166645
88007,190378
3059,111445
65141,169081
21373,128433
90023,192289
68231,171762
82992,185736
3949,112231
79945,182921
103228,205072
2531,110986
78176,181308
102426,204286
91451,193579
38546,144434
54909,159240
93172,195240
87932,190307
14823,122116
11825,119244
65097,169041
98841,200795
21707,128733
86529,189086
23307,130159
90846,193024
57035,161280
69823,173320
80348,183307
19990,127122
11883,119300
77345,180575
34620,140574
85161,187774
90847,193025
77313,180545
57935,162223
40710,146390
86837,189375
100253,202171
53050,157569
76895,180166
56947,161204
28273,134674
66784,170523
102027,203895
9207,116863
58322,162652
27212,133732
23192,130052
86351,188917
59641,163991
76375,179725
100541,202453
9571,117201
97066,199033
7943,115702
56184,160468
80698,183635
51871,156498
82210,185003
32736,138854
72464,175873
49844,154638
66420,170217
9510,117155
6101,114043
18771,126000
76414,179759
101045,202935
66095,169927
71940,175373
37242,143169
77435,180644
41261,146885
23557,130388
65652,169520
39133,144969
63335,167501
58947,163263
54518,158878
67848,171444
13647,120995
47194,152258
105015,206813
66961,170655
74146,177435
25466,132175
75707,179092
69270,172735
83786,186467
34376,140349
104131,205957
46925,152010
19466,126630
3551,111886
102982,204840
55173,159496
78023,181167
28271,134672
80953,183870
69964,173461
47648,152654
70734,174212
13586,120934
53478,157941
35662,141582
12217,119598
52701,157250
9463,117115
66506,170294
49336,154204
61564,165801
41223,146847
74466,177747
15348,122612
37075,143002
44885,150088
100302,202218
63319,167487
98952,200902
68475,171993
24100,130897
29444,135730
44799,150021
48105,153098
69177,172647
54435,158825
4405,112521
33968,139968
108329,209968
84247,186906
61798,166039
62330,166549
57784,161998
63375,167535
84683,187321
49299,154180
61642,165879
54867,159198
35166,141097
90116,192365
103946,205780
96910,198893
95865,197874
80823,183753
11025,118451
15247,122512
15404,122662
103843,205679
19456,126620
58889,163208
107728,209371
106361,208030
45315,150487
36738,142666
80350,183309
23721,130545
25431,132146
101538,203420
28759,135110
107159,208822
75379,178775
35888,141795
47724,152726
89115,191463
21672,128705
104407,206225
35373,141302
6355,114257
56911,161173
49954,154727
576,109083
87348,189826
20453,127552
45036,150231
23550,130381
36862,142789
72360,175777
29127,135443
65797,169653
2701,111133
22629,129562
91533,193650
12690,120122
18767,125997
12426,119851
9547,117181
15331,122596
58864,163183
16790,123997
7655,115488
69631,173134
80182,183144
44194,149477
17537,124816
37271,143198
80797,183728
22030,129015
76391,179739
78878,181938
14169,121498
31070,137316
74691,177972
4480,112588
55998,160287
59091,163461
41411,147013
53034,157553
42174,147695
50091,154861
32505,138657
66186,170015
10516,117998
99680,201616
1978,110479
95300,197331
11785,119205
61395,165635
103011,204869
14522,121822
92580,194654
51638,156296
77300,180532
25774,132443
57518,161734
35383,141312
39449,145269
102370,204232
50418,155144
106780,208450
22405,129357
11365,118791
1553,110120
3620,111945
23278,130130
52497,157060
74842,178172
9386,117042
72157,175581
41064,146703
31147,137385
44216,149490
32003,138165
3374,111722
68309,171837
89022,191372
83923,186594
27461,133949
70683,174161
62178,166396
68652,172156
64440,168471
13780,121125
72128,175552
34938,140879
64519,168527
79986,182960
31293,137520
2153,110643
60246,164546
14884,122174
49050,153974
52043,156652
90591,192792
30096,136307
3232,111604
98959,200909
51578,156236
94483,196532
62996,167176
44099,149391
4412,112527
63526,167681
48257,153244
105835,207510
42406,147913
6287,114202
65924,169771
16016,123247
74688,177969
24017,130820
86353,188919
60461,164742
89014,191365
78892,181951
72746,176128
71478,174938
53457,157920
44405,149654
91744,193835
6020,113983
64902,168873
87307,189791
69252,172718
8815,116477
35626,141548
9449,117108
53606,158062
70444,173934
43583,148896
56795,161059
84583,187225
18387,125666
53309,157793
92961,195033
23055,129931
102028,203896
64374,168424
45625,150784
57125,161364
88625,190990
105377,207068
2532,110987
51696,156352
54447,158832
54172,158598
23690,130518
72889,176234
70274,173767
14372,121683
42960,148458
16040,123270
7233,115093
9152,116813
95308,197339
96441,198446
58707,163032
48412,153385
88092,190463
86003,188586
77678,180858
106787,208457
47041,152122
41962,147494
106644,208311
50428,155154
83126,185858
87627,190043
4569,112669
15287,122552
38706,144592
18417,125696
57361,161583
43729,149040
68188,171719
45829,150981
51575,156233
87431,189883
9798,117399
60060,164374
74444,177725
21477,128534
78184,181314
74305,177588
56405,160679
49947,154723
3951,112233
94055,196108
68680,172182
64684,168672
104775,206577
85871,188463
24290,131063
87815,190201
9397,117053
54800,159138
100061,201983
10708,118155
34386,140359
33265,139329
67447,171078
28900,135237
5261,113319
36049,141948
3436,111779
76539,179860
26817,133388
27372,133875
65622,169490
4804,112897
93779,195834
90862,193040
15156,122430
38921,144780
77040,180288
39255,145089
99307,201251
679,109178
83548,186248
100065,201987
37252,143179
75079,178479
76547,179864
41152,146773
24525,131274
78088,181228
1581,110141
61672,165909
9237,116892
21086,128157
86841,189379
74318,177601
92071,194155
85138,187751
19398,126564
100367,202279
107927,209568
15710,122961
51758,156402
41251,146875
10822,118266
102625,204485
8961,116622
42719,148215
68077,171619
63402,167560
18280,125563
81157,184046
60408,164694
16225,123438
25302,132020
62423,166640
89410,191721
98819,200773
105718,207397
31110,137352
106846,208520
92114,194198
79691,182691
93624,195681
52535,157092
42966,148464
75192,178590
78883,181943
59178,163549
73375,176696
34487,140445
64890,168863
52437,157007
83022,185754
29586,135855
102387,204249
2431,110895
29744,136000
36278,142171
48579,153542
104796,206598
46860,151949
12831,120243
62461,166674
93869,195924
62514,166723
102989,204847
44414,149663
6654,114540
50452,155178
105929,207604
36574,142514
17536,124815
67434,171066
83262,185992
82649,185424
47973,152971
107509,209156
64737,168720
93494,195551
29201,135508
48444,153414
52382,156959
2954,111355
49309,154188
11876,119293
56403,160677
68081,171622
64842,168818
9716,117324
61766,166007
56978,161232
10209,117756
59104,163474
95889,197898
23246,130100
34742,140693
68711,172212
73667,176971
53817,158257
10363,117881
2286,110773
37293,143220
108069,209710
72553,175961
88015,190386
90873,193051
87905,190281
8968,116629
86590,189144
61881,166115
72661,176064
75381,178777
91202,193356
36086,141984
106515,208182
22015,128999
90330,192573
69936,173435
11980,119397
35379,141308
91589,193702
62181,166399
39372,145200
82500,185283
38593,144481
14410,121718
52795,157335
58937,163253
88836,191195
74835,178166
15172,122443
58244,162519
72663,176066
53471,157934
59299,163666
67673,171278
33327,139385
33588,139626
100666,202572
1603,110158
21511,128565
84269,186928
16386,123596
48459,153429
89617,191900
22081,129058
70999,174478
66619,170381
21456,128513
82897,185650
88050,190421
28317,134715
9978,117551
33855,139868
78298,181417
94480,196529
39669,145466
74459,177740
67163,170823
3732,112042
55494,159809
57458,161675
75943,179314
102524,204384
68083,171624
65553,169422
69228,172695
49891,154676
74692,177973
45757,150910
22976,129855
64747,168730
22108,129083
68896,172383
7108,114972
14025,121362
59284,163651
108595,210230
51500,156160
33646,139679
73790,177094
41448,147046
51614,156272
54141,158570
68546,172058
13625,120973
77155,180401
47996,152994
105554,207235
8952,116614
93420,195477
88842,191201
106345,208016
108488,210125
79009,182070
39807,145604
38145,144046
10060,117625
39570,145374
52620,157173
103477,205319
69968,173463
41047,146687
16662,123870
51546,156206
27464,133952
78186,181316
69084,172555
30801,136848
105389,207080
16224,123437
40287,146026
3069,111455
60792,165049
48406,153381
1969,110470
25490,132189
55070,159393
37442,143369
15576,122833
102139,204005
25453,132166
107317,208978
38092,143997
63394,167552
24318,131085
12872,120278
106781,208451
11330,118756
81591,184460
25911,132568
67342,170977
28821,135170
102647,204507
71289,174765
92952,195024
96766,198761
37372,143299
15293,122558
79356,182375
35897,141804
104279,206099
30811,136857
90598,192798
86227,188807
76979,180242
29385,135671
81348,184233
37124,143051
101554,203432
64538,168544
98789,200743
30683,136741
94538,196587
24003,130809
40075,145846
42735,148231
105980,207661
37896,143805
81429,184311
47418,152454
83508,186216
38377,144280
37900,143809
71879,175314
36212,142106
69598,173101
19749,126895
44933,150132
50198,154956
15813,123051
51931,156552
82832,185594
88083,190454
78212,181336
34710,140661
79124,182169
90814,193000
65154,169091
93932,195987
11143,118568
87987,190358
10430,117942
18546,125805
9550,117184
11942,119360
67183,170843
107261,208922
52542,157099
7534,115372
19432,126597
49749,154561
20031,127162
43866,149166
1207,109771
5010,113081
93698,195755
71839,175280
28901,135238
13310,120680
74150,177439
32336,138492
43790,149099
14942,122225
31555,137766
6585,114476
3892,112176
75459,178853
105055,206853
87261,189747
29160,135476
50731,155429
18753,125986
104167,205993
71489,174949
8203,115936
59543,163899
68287,171815
86460,189023
92070,194154
87885,190264
72932,176274
102054,203920
25163,131886
33866,139879
89375,191690
100313,202227
61864,166098
85295,187909
62367,166586
36613,142553
42278,147791
87081,189590
101633,203511
79660,182660
73255,176577
107108,208771
4637,112735
58236,162513
63692,167844
23157,130020
32953,139045
27209,133729
58333,162663
79278,182304
66794,170533
3255,111624
71579,175035
45446,150616
26531,133132
93111,195181
103338,205182
58744,163068
51961,156580
88144,190515
44411,149660
3455,111794
61234,165483
23998,130806
17098,124326
40923,146587
32926,139020
11902,119324
81834,184692
26747,133334
65996,169845
56227,160511
23329,130181
39556,145360
31896,138067
10736,118183
91238,193390
55129,159452
87494,189918
33754,139772
6583,114474
11081,118502
38052,143960
93574,195631
16541,123749
34566,140521
6682,114566
81405,184288
32548,138694
100772,202674
107914,209555
93164,195232
104398,206216
107172,208835
92323,194399
99410,201350
40479,146201
107838,209481
69635,173138
91024,193189
78436,181535
12653,120085
6552,114443
6708,114592
59578,163931
21586,128627
39738,145538
14790,122084
83791,186472
95023,197068
76507,179833
96498,198499
41751,147308
27406,133902
19863,126995
34028,140022
107502,209149
34594,140549
59491,163856
9482,117131
99906,201834
93554,195611
4583,112683
80877,183802
94821,196870
83328,186055
88063,190434
100012,201936
85509,188116
1554,110121
23377,130227
40868,146546
49811,154613
37822,143735
100572,202482
65613,169481
38073,143981
50345,155080
23559,130390
68894,172381
29492,135772
54229,158639
41010,146659
101041,202931
108267,209906
33701,139727
24748,131481
60863,165120
41515,147102
82391,185181
56662,160931
44638,149873
91302,193447
104958,206756
44132,149420
34230,140220
34424,140387
86027,188609
52622,157175
36177,142071
27343,133847
1506,110086
84252,186911
24716,131451
50486,155206
102293,204159
51712,156366
36031,141932
86902,189430
51607,156265
55626,159939
61586,165823
74828,178160
103023,204881
51903,156524
35190,141119
30231,136412
54994,159319
28917,135254
36032,141933
24086,130884
39697,145493
90734,192924
16810,124017
42528,148029
99293,201237
108560,210195
37156,143083
104563,206371
37017,142944
40709,146389
31652,137855
7293,115148
68737,172237
77696,180873
103275,205119
84324,186981
94156,196207
85415,188025
7447,115287
16399,123609
58882,163201
52779,157322
75450,178844
28025,134458
81091,183997
54511,158871
46406,151517
73544,176860
104837,206637
55807,160114
17937,125240
13018,120410
67650,171259
77552,180748
31056,137304
25588,132269
39830,145625
60938,165199
46100,151239
36804,142732
21757,128770
7601,115437
42577,148077
42688,148185
61580,165817
74447,177728
67638,171249
29513,135789
108657,210292
75258,178656
75035,178413
26504,133106
7071,114937
22020,129004
13740,121086
28051,134480
103238,205082
105166,206964
56315,160599
90050,192310
108304,209943
104048,205880
6333,114237
77305,180537
41156,146777
35576,141502
23467,130307
102809,204669
33702,139728
40006,145791
65362,169255
28700,135055
59844,164167
57259,161489
32285,138441
7315,115170
93154,195222
77032,180284
13049,120440
30456,136623
61828,166067
52923,157452
2991,111382
13957,121298
90028,192291
76356,179700
90188,192435
39125,144962
73344,176665
19220,126394
13721,121067
34128,140120
103482,205324
59041,163411
33164,139236
20656,127748
9989,117560
21066,128142
96765,198760
83475,186183
52771,157314
12852,120261
34192,140183
48261,153248
7040,114908
15522,122779
28194,134600
72644,176049
63770,167917
22899,129796
14138,121469
73536,176852
46728,151831
94082,196135
102853,204713
107928,209569
76935,180206
31788,137977
63836,167979
55149,159472
15362,122624
100642,202548
100812,202710
96487,198488
39705,145499
75083,178483
101792,203666
14802,122095
73624,176931
70329,173818
3870,112154
60841,165098
65597,169465
106799,208469
52574,157131
39938,145723
92002,194086
72385,175796
28024,134457
98850,200804
39478,145292
82327,185122
69038,172511
32195,138352
101777,203653
80151,183113
80773,183704
22800,129710
99268,201214
58773,163095
102532,204392
34384,140357
53678,158122
100086,202008
33012,139098
37770,143689
53524,157984
52148,156742
106858,208532
92173,194253
77102,180346
72579,175985
32580,138719
14542,121841
73302,176623
2406,110873
89695,191978
95184,197221
40363,146100
32893,138990
7644,115477
106011,207692
83785,186466
24346,131112
107328,208989
67706,171307
33763,139780
37440,143367
57615,161833
7569,115405
6870,114748
92633,194705
2189,110676
88892,191246
108367,210006
18847,126065
85049,187662
83684,186371
105509,207192
28252,134655
91693,193793
76150,179501
89886,192167
108751,210376
65043,168992
89170,191509
82918,185668
36256,142149
63802,167947
108094,209735
60966,165227
62058,166282
45302,150477
4323,112443
35053,140990
54128,158557
26580,133179
48829,153778
74820,178154
71534,174992
88278,190645
28577,134944
106495,208162
99223,201171
93730,195787
39440,145261
75663,179050
25413,132128
92449,194523
5780,113778
15268,122533
38930,144789
19814,126947
41548,147135
56324,160605
41009,146658
16317,123527
41250,146874
54826,159158
29777,136028
10332,117862
64919,168886
35289,141218
86563,189117
7483,115323
11072,118492
100115,202035
35582,141507
74252,177539
51180,155861
81944,184783
50899,155593
100062,201984
83636,186321
5539,113574
53891,158331
10671,118120
64691,168679
31900,138071
73908,177210
94507,196556
63816,167959
90313,192552
108279,209918
24400,131159
78623,181698
14757,122051
81899,184740
8144,115885
78069,181211
51529,156189
13487,120840
29249,135542
7107,114971
27340,133844
49447,154295
32454,138609
44769,149991
71725,175171
18979,126179
22093,129069
53452,157915
89393,191706
55446,159763
83103,185835
57765,161979
14816,122109
73396,176715
53821,158261
6527,114418
35658,141578
45928,151076
72114,175538
71420,174884
93683,195740
106661,208328
21813,128821
38152,144053
11539,118963
56431,160702
66429,170226
2170,110660
5924,113909
79531,182532
85486,188093
15363,122625
104941,206739
108422,210059
29998,136221
42294,147803
78624,181699
54680,159022
37092,143019
41078,146716
4044,112314
32280,138436
57463,161679
49754,154566
47799,152801
75395,178789
24740,131474
50647,155357
82515,185298
57075,161314
36112,142010
67415,171047
20103,127233
81134,184024
74616,177897
23351,130201
100905,202801
34013,140008
4579,112679
16440,123650
39053,144900
86589,189143
30757,136805
42116,147640
40319,146056
82899,185652
60252,164548
62867,167051
86572,189126
84209,186868
103247,205091
49396,154253
49627,154447
99288,201234
35706,141626
48222,153211
61605,165842
104857,206657
51675,156331
25459,132170
37192,143119
71969,175402
107954,209595
86686,189232
63353,167517
68110,171649
34467,140425
29765,136016
32457,138612
51119,155802
26562,133163
47999,152997
55206,159529
93622,195679
67715,171315
30534,136695
89061,191409
2958,111358
45672,150829
64258,168325
83021,185753
27015,133564
42800,148296
51039,155727
33123,139200
100965,202859
50927,155619
73566,176881
44129,149417
38511,144401
75425,178819
15184,122455
49508,154351
5009,113080
59521,163880
32325,138481
6692,114576
94087,196140
33336,139392
20124,127254
9767,117368
86618,189178
22670,129601
64352,168404
60291,164587
9266,116926
6590,114479
17391,124661
82786,185553
77772,180938
39589,145393
78998,182060
75248,178646
86488,189051
99339,201281
86380,188944
37375,143302
9496,117143
77882,181029
12505,119935
89002,191354
76965,180230
22401,129353
21681,128714
78324,181441
7437,115278
87098,189604
27323,133828
93157,195225
57332,161554
82252,185049
1354,109937
95571,197598
81752,184615
108251,209890
92678,194750
8469,116170
5441,113493
11235,118657
49330,154199
48484,153452
56706,160976
84147,186811
27430,133922
103635,205475
9457,117114
25770,132439
64768,168751
44965,150163
80685,183622
98760,200714
77893,181040
45261,150439
4352,112469
104253,206075
73439,176758
68831,172320
60920,165183
49073,153995
18332,125615
26899,133460
87230,189719
34745,140696
58000,162278
88864,191221
35735,141653
44571,149812
47735,152737
35901,141808
29320,135613
19215,126390
76774,180055
64619,168617
87563,189989
31627,137834
89085,191433
12961,120355
34648,140600
54626,158970
59976,164293
5510,113549
50432,155158
30058,136270
79067,182119
39605,145407
46569,151680
74206,177495
106025,207706
106870,208544
19883,127015
58369,162702
19503,126665
90716,192906
49198,154087
54713,159055
91094,193255
78322,181439
37584,143511
76402,179747
47342,152384
86173,188753
78736,181793
16504,123714
82868,185623
17415,124684
71920,175353
62295,166507
76577,179890
34901,140845
14993,122274
87989,190360
28654,135011
104567,206375
93580,195637
36022,141924
75244,178642
106757,208418
93383,195442
85867,188459
46014,151158
26045,132680
63460,167616
101121,203009
33717,139739
47101,152176
101035,202927
70660,174140
106526,208193
78625,181700
88899,191253
60846,165103
73280,176601
44793,150015
34077,140069
4538,112638
24040,130842
17525,124808
3187,111570
44321,149575
100371,202283
19935,127067
44660,149894
71338,174811
99285,201231
64820,168797
68915,172398
42537,148038
48227,153216
21084,128155
105787,207464
4738,112837
23725,130549
49268,154150
81689,184553
43697,149008
50324,155063
75580,178972
1702,110236
72554,175962
42819,148318
44113,149403
81688,184552
51076,155764
23698,130525
4616,112715
104367,206185
2405,110872
83952,186623
77235,180475
8739,116404
10011,117580
95132,197173
17850,125161
65403,169282
55000,159325
50926,155618
19487,126651
50429,155155
96458,198461
88706,191069
52029,156642
35819,141727
24863,131586
39588,145392
4734,112834
87705,190106
59577,163930
64045,168178
48071,153064
6111,114050
38452,144347
91353,193494
62548,166757
10622,118071
32727,138845
55159,159482
35140,141075
19230,126404
71984,175417
5518,113557
30321,136500
19025,126219
72717,176106
61361,165603
29639,135904
25344,132062
100056,201978
99011,200961
85294,187908
76143,179494
42527,148028
90359,192595
55312,159635
39676,145473
86564,189118
70559,174041
4996,113068
92308,194386
57455,161672
16288,123498
108755,210380
72072,175499
16764,123971
63808,167953
66375,170174
76858,180129
14855,122145
70405,173896
85358,187970
103994,205826
7442,115282
58504,162833
92552,194626
24175,130959
36675,142605
78978,182040
79140,182185
32619,138751
92511,194585
47763,152765
39446,145266
85501,188108
29653,135914
15980,123211
22190,129162
104987,206785
50700,155400
46648,151757
63675,167827
104738,206542
18515,125777
68089,171629
36763,142691
10720,118167
48595,153564
77289,180522
29174,135488
42362,147870
28856,135204
65086,169030
1620,110175
26980,133532
86586,189140
60848,165105
73661,176965
86592,189146
39797,145597
90856,193034
51131,155814
44748,149972
3598,111926
87781,190172
87710,190110
26656,133250
3053,111439
29477,135759
71977,175410
91821,193909
20059,127189
56683,160953
54169,158595
602,109109
5264,113322
52482,157048
24096,130893
21688,128719
34229,140219
32937,139031
24809,131540
83776,186461
46927,152012
79829,182814
56712,160979
44778,150000
86035,188617
46960,152045
105803,207480
102841,204701
16793,124000
53453,157916
55691,160004
37313,143240
83677,186359
19829,126961
75564,178958
14605,121903
75270,178668
11370,118794
85147,187760
93818,195873
47620,152631
20951,128036
51843,156472
22398,129351
70644,174124
77363,180588
81002,183917
39147,144980
27242,133756
70446,173936
23310,130162
30562,136717
52348,156927
101398,203280
10701,118148
18122,125412
2080,110570
38667,144553
55578,159893
23835,130645
57077,161316
60865,165122
99535,201473
20454,127553
32378,138534
58666,162992
37118,143045
74729,178006
52419,156994
77249,180487
32222,138379
56980,161233
11854,119272
55720,160031
33412,139462
8688,116362
9437,117093
54250,158653
35748,141666
105367,207058
101671,203549
94815,196864
102540,204400
64803,168782
102782,204642
80210,183172
86889,189421
71376,174845
39590,145394
59539,163895
79372,182410
106697,208360
67762,171357
60131,164437
39262,145094
14713,122010
27202,133723
8439,116140
16712,123919
72195,175619
71684,175132
76434,179769
101106,202996
94183,196234
24807,131538
74100,177394
71993,175426
10155,117711
66605,170369
108612,210247
38166,144067
35136,141071
66192,170021
54470,158845
91617,193730
46145,151282
18596,125850
44873,150080
38532,144422
66823,170556
9363,117019
106473,208140
49022,153947
72984,176320
88328,190694
23404,130253
77798,180959
43348,148668
3072,111458
91379,193518
69877,173378
39022,144873
85079,187692
20863,127953
25679,132356
40863,146541
87478,189910
19612,126770
78043,181187
52946,157471
88774,191135
101636,203514
29936,136172
49922,154702
93625,195682
29908,136152
71382,174851
51984,156599
28645,135004
72874,176219
104531,206341
19819,126952
74031,177325
50153,154913
67345,170980
44669,149902
25038,131760
55017,159342
66774,170513
39061,144907
73374,176695
71234,174710
23575,130412
64323,168378
87159,189656
92675,194747
10340,117866
86223,188803
53133,157650
14058,121392
68042,171590
38476,144367
36464,142406
106199,207878
57145,161384
19699,126850
89525,191808
10656,118105
63237,167413
88562,190927
16517,123727
44800,150022
99971,201895
6392,114291
38940,144799
44535,149782
41363,146972
10945,118379
10444,117956
56530,160794
40592,146288
94816,196865
63713,167864
12393,119818
26755,133340
27766,134232
47161,152229
96516,198515
74479,177760
47506,152529
49000,153927
49541,154381
105537,207220
30891,137157
4977,113051
70299,173792
49859,154650
41169,146787
40002,145787
70727,174205
102938,204798
11749,119169
56488,160755
28506,134877
34649,140601
12479,119904
108095,209736
49869,154658
50442,155168
77642,180825
44510,149757
32099,138256
100010,201934
1980,110481
108610,210245
81138,184028
66381,170180
33019,139105
5088,113157
48080,153073
18216,125501
64838,168814
8452,116153
59184,163555
72016,175447
22471,129417
49780,154591
60968,165229
102428,204288
94170,196221
85186,187796
66825,170557
34211,140202
57866,162076
4739,112838
58141,162421
80262,183222
85791,188387
101532,203414
34983,140924
32983,139070
26710,133301
2713,111145
44264,149526
7151,115013
26711,133302
12007,119418
4917,112997
25993,132647
49740,154552
99269,201215
62881,167065
48788,153745
36566,142506
47647,152653
16357,123567
56505,160772
103519,205361
53048,157567
59477,163842
6182,114110
83187,185917
51844,156473
89665,191948
66253,170075
84728,187360
45890,151040
33242,139307
100427,202339
45356,150528
86305,188875
37571,143498
83147,185879
105152,206950
58127,162407
66455,170248
57942,162227
93934,195989
82277,185073
27593,134071
87783,190174
5276,113332
58283,162555
95794,197807
64585,168587
17116,124344
66666,170420
11617,119035
19277,126448
3022,111410
73648,176952
76762,180043
85140,187753
21736,128755
11446,118870
71905,175338
6179,114107
73619,176927
80460,183418
105512,207195
81279,184164
85905,188497
102593,204453
16767,123974
102091,203957
25870,132529
68150,171685
2116,110606
36712,142640
40526,146235
43793,149102
62508,166719
64807,168786
75131,178529
50684,155389
23266,130120
3914,112198
42238,147756
1836,110347
19468,126632
72899,176243
95151,197190
9864,117460
32478,138633
68143,171678
49911,154692
81141,184030
73775,177079
6438,114331
69136,172606
50653,155363
29296,135589
47393,152431
11204,118626
45047,150240
104910,206708
95302,197333
36680,142610
23171,130033
20742,127830
36661,142591
32897,138994
38114,144019
9818,117415
73785,177089
9326,116983
49116,154033
27369,133872
87488,189915
88779,191138
55368,159689
40262,146010
87539,189965
18853,126070
89498,191783
3369,111717
90909,193085
29270,135563
55891,160186
26465,133069
45486,150655
8156,115893
34420,140383
107194,208857
57755,161969
7055,114923
3661,111986
25065,131787
62429,166646
71812,175254
100668,202574
46744,151843
48359,153339
104557,206365
34606,140561
14008,121346
19066,126254
72182,175606
85226,187840
32794,138902
54698,159040
48932,153866
72996,176332
63969,168102
15379,122639
13674,121022
6421,114316
16618,123826
61225,165474
62174,166392
9593,117219
101600,203478
108838,210463
62600,166805
13965,121306
67156,170816
14278,121596
35618,141540
66986,170674
42343,147851
84037,186708
64861,168837
32106,138263
8098,115842
10194,117745
16413,123623
86164,188746
67669,171276
40547,146249
4466,112574
23942,130751
34711,140662
29589,135858
36998,142925
74564,177845
24919,131641
34147,140139
100149,202069
31067,137313
67498,171119
4410,112525
99323,201265
30828,136873
24420,131179
45255,150433
72789,176163
74111,177403
69988,173483
51616,156274
31235,137467
89057,191405
51909,156530
20625,127718
5205,113267
32376,138532
22889,129788
54736,159078
59831,164154
100892,202788
100925,202821
51883,156508
19443,126608
60958,165219
40634,146322
107521,209168
57139,161378
63389,167549
98807,200761
103938,205774
53605,158061
39884,145682
68553,172064
91832,193919
89611,191894
51913,156534
9650,117270
5294,113350
72514,175922
20832,127919
86209,188789
78943,182005
22765,129681
78415,181519
13505,120857
19458,126622
46111,151250
58928,163244
32562,138706
26605,133203
32055,138214
98798,200752
26855,133419
29446,135732
20605,127698
90057,192315
59652,164002
37480,143407
76420,179765
43401,148714
33648,139681
99965,201889
100289,202205
38382,144285
34780,140728
3479,111815
1331,109914
86298,188868
18299,125582
63056,167247
84776,187399
101030,202922
71669,175117
68719,172220
39436,145257
35973,141876
30137,136332
77639,180823
6469,114360
61110,165365
67079,170755
52177,156769
41402,147005
102926,204786
25549,132231
68336,171864
55758,160067
73307,176628
83272,186001
102745,204605
61671,165908
77843,180993
9777,117378
51052,155740
62833,167017
55068,159391
47968,152966
33273,139336
14074,121408
7876,115639
48438,153408
74397,177680
19654,126806
55190,159513
29582,135851
93917,195972
64975,168933
99375,201317
56648,160917
65229,169166
81988,184817
53579,158037
74576,177857
103385,205229
62640,166844
75433,178827
78671,181743
67789,171388
101375,203257
86069,188651
37667,143592
57868,162085
31875,138048
41731,147291
88568,190933
33478,139526
16130,123357
83946,186617
68363,171888
28928,135264
20373,127482
97195,199154
20727,127815
95152,197191
76540,179861
57519,161735
72441,175850
91346,193489
93546,195603
102343,204207
92641,194713
37610,143537
23688,130517
11502,118926
102286,204152
35496,141423
96996,198963
49010,153935
51034,155722
40232,145981
86890,189422
79365,182403
42773,148269
93335,195396
80746,183678
17909,125214
50063,154833
2891,111302
56272,160556
73666,176970
87284,189768
37130,143057
39489,145301
671,109175
35515,141441
95480,197511
34810,140758
90287,192526
44257,149519
20624,127717
89538,191821
52093,156693
4735,112835
81639,184508
38961,144819
86184,188764
87052,189564
52609,157162
39856,145651
40511,146223
29175,135489
61867,166101
87666,190076
30734,136784
5621,113642
70152,173643
45577,150738
77715,180887
4337,112457
75821,179200
47742,152744
55434,159751
37880,143789
83137,185869
93535,195592
77321,180553
42182,147702
28160,134572
59548,163904
61257,165504
16609,123817
104142,205968
9828,117425
30538,136696
10084,117647
61865,166099
19673,126824
3670,111993
20102,127232
86651,189204
78786,181849
71651,175101
99481,201421
106915,208587
69755,173256
6263,114181
47738,152740
37268,143195
42532,148033
93858,195913
79850,182833
43614,148927
48906,153845
67885,171481
74237,177526
55033,159358
21055,128132
28612,134972
38444,144339
31716,137917
73650,176954
5698,113708
99347,201289
19462,126626
102936,204796
13463,120816
55137,159460
73123,176451
24843,131570
9963,117536
92597,194671
53981,158416
67407,171039
34366,140341
76035,179398
63068,167258
57827,162039
105698,207377
65465,169339
37620,143547
7207,115067
40158,145912
48625,153594
65510,169383
10116,117674
47329,152372
6123,114057
63703,167855
27516,134002
59036,163406
90192,192439
61863,166097
66121,169952
91559,193674
108004,209645
71737,175183
71316,174791
55992,160282
74738,178015
37398,143325
9709,117317
2430,110894
82554,185337
20341,127451
22779,129693
54949,159277
16552,123760
66257,170077
96909,198892
13198,120579
82639,185414
15830,123068
37318,143245
45934,151082
24016,130819
2007,110501
108386,210025
64588,168590
6299,114211
79984,182958
1904,110415
16551,123759
26781,133358
56115,160401
67386,171019
85451,188059
72884,176229
30106,136315
22412,129364
100494,202406
45066,150250
29285,135578
78616,181691
61919,166149
60397,164683
70732,174210
79273,182299
22025,129011
73270,176591
12740,120166
34544,140501
55646,159959
92507,194581
70865,174351
33455,139505
45570,150731
63373,167533
73266,176587
95218,197251
40702,146382
60862,165119
25141,131864
56984,161236
55337,159660
52146,156741
102711,204571
29977,136203
14268,121590
107582,209229
29655,135916
52887,157416
73583,176895
36765,142693
50297,155043
58762,163085
70018,173511
11657,119074
40027,145810
1558,110125
70035,173528
82112,184923
63935,168071
73488,176806
44632,149867
54324,158718
89532,191815
95009,197054
59484,163849
102865,204725
21359,128419
77038,180287
106529,208196
4823,112915
74646,177927
15673,122927
95266,197297
19778,126919
65532,169403
72701,176092
12004,119415
71995,175428
102359,204221
84257,186916
16863,124068
70435,173925
31312,137537
89674,191957
99482,201422
38950,144809
100418,202330
17928,125232
38173,144074
91083,193244
107446,209097
38832,144703
4032,112304
70598,174078
67057,170736
67113,170781
65221,169158
95292,197323
36761,142689
57720,161936
39595,145399
36509,142451
91895,193979
13519,120871
100146,202066
33519,139566
56417,160691
47671,152674
8011,115764
15114,122389
9430,117086
75617,179008
101761,203637
46734,151837
13480,120833
67347,170982
2369,110843
25271,131989
74506,177787
23669,130500
14801,122094
29629,135896
102038,203906
13950,121291
44705,149935
42312,147824
75320,178716
80638,183578
28152,134567
39106,144946
64629,168624
64945,168909
52103,156700
65216,169153
66384,170183
90661,192853
8619,116301
72994,176330
76222,179570
98702,200657
34188,140179
101268,203150
75343,178739
50809,155505
42797,148293
14055,121389
26458,133062
3786,112080
21874,128875
94073,196126
35297,141226
58861,163180
37044,142971
9396,117052
7974,115731
82192,184985
108656,210291
32992,139079
103119,204975
45554,150715
57957,162239
38895,144758
57329,161551
68337,171865
49190,154080
83034,185766
67224,170882
57774,161988
39634,145433
46424,151535
29598,135867
25741,132413
23685,130514
102122,203988
85708,188297
64174,168273
59857,164180
36890,142817
18055,125351
54833,159164
54854,159185
32269,138425
12427,119852
2283,110770
38161,144062
69143,172613
49574,154408
84724,187356
70530,174012
38538,144426
22357,129315
69933,173432
18370,125651
54064,158494
57248,161481
40781,146459
50756,155454
44675,149907
87360,189836
14883,122173
31157,137393
12285,119674
22281,129247
9997,117568
71676,175124
88382,190747
71512,174970
35403,141330
69637,173140
46436,151547
11211,118633
35842,141750
95306,197337
20939,128024
41227,146851
85999,188582
75779,179166
93152,195220
92620,194692
79838,182822
44785,150007
86750,189296
91961,194045
14354,121665
92045,194129
54328,158722
5116,113185
24906,131631
2175,110665
75431,178825
67513,171134
63972,168105
91881,193965
6104,114045
67757,171352
97081,199048
14072,121406
58766,163089
11874,119291
47840,152841
108103,209744
91730,193824
44327,149581
14878,122168
67648,171257
32898,138995
95018,197063
40433,146160
75986,179353
47092,152169
801,109321
39794,145594
43864,149164
28061,134489
47361,152401
101914,203788
3553,111888
47077,152154
76882,180153
79005,182066
83454,186164
55480,159795
100753,202655
79337,182358
63584,167730
6760,114642
3545,111881
80897,183822
31470,137685
99780,201716
24755,131488
29530,135804
52099,156699
80989,183904
81992,184820
47244,152300
4386,112503
26485,133087
35845,141753
83902,186575
40000,145785
29136,135452
77441,180650
20653,127745
81178,184067
40387,146122
78726,181783
14817,122110
43532,148845
64860,168836
98904,200856
8475,116176
25210,131932
21420,128478
3584,111912
92637,194709
73042,176372
32595,138731
64921,168888
63246,167420
16811,124018
39473,145288
55854,160155
85388,188000
94949,196996
49959,154732
29332,135624
37488,143415
99743,201679
94045,196098
36912,142839
103259,205103
5225,113286
32442,138598
63313,167481
100035,201957
107340,209001
19635,126787
78691,181758
80073,183042
106372,208041
91511,193630
20723,127811
76981,180244
108015,209656
90759,192947
101893,203767
16519,123729
36769,142697
15025,122305
55247,159570
73094,176424
21589,128630
53301,157785
72540,175948
11042,118470
77974,181121
69813,173310
54523,158882
54608,158952
58066,162338
10571,118026
107831,209474
8291,116018
91020,193185
91469,193593
35890,141797
107319,208980
34700,140651
102183,204049
19927,127059
60333,164625
8260,115989
38039,143947
14658,121956
84250,186909
82095,184907
74468,177749
59636,163986
88325,190691
5910,113897
54175,158601
67281,170929
19320,126486
37235,143162
16088,123317
9315,116972
76019,179383
61781,166022
24733,131467
78599,181676
24765,131498
71827,175269
43760,149071
67365,170998
5781,113779
105382,207073
107335,208996
33516,139563
89753,192032
39448,145268
42468,147971
81763,184626
44963,150161
51899,156520
67517,171138
49928,154706
17559,124838
66584,170355
52181,156773
64378,168427
68426,171948
74714,177994
75360,178756
84262,186921
18610,125861
27822,134283
57960,162242
78287,181406
18578,125835
29904,136148
11473,118897
45743,150896
49229,154115
16695,123903
3694,112012
86269,188843
83799,186480
80542,183500
48590,153559
106677,208340
23629,130465
26581,133180
14287,121604
44406,149655
77629,180813
31109,137351
49940,154717
75591,178983
84367,187030
79915,182895
62056,166281
101047,202937
70389,173882
52165,156759
25291,132009
25229,131950
29238,135531
40787,146463
73910,177212
50857,155551
55118,159441
67043,170722
99327,201269
49691,154504
81934,184773
30807,136853
40431,146158
65956,169803
87812,190198
73794,177098
69891,173390
78103,181243
108297,209936
34168,140160
87179,189672
21151,128216
34159,140151
61119,165374
58651,162977
45995,151139
103850,205686
80555,183513
2936,111339
22882,129781
20889,127977
92624,194696
11875,119292
29197,135506
22132,129105
79687,182687
103367,205211
21637,128673
75559,178953
75935,179306
71090,174578
55037,159362
56301,160585
91486,193607
35680,141600
47081,152158
101533,203415
22300,129264
32050,138209
85280,187894
4818,112910
58352,162684
89422,191727
50666,155376
16161,123383
100322,202236
34635,140587
3044,111430
26745,133332
103264,205108
92663,194735
32999,139085
7938,115697
37328,143255
88640,191005
80612,183553
24650,131388
8599,116283
80830,183760
56131,160417
75715,179098
96904,198887
1719,110254
29057,135385
73791,177095
62740,166924
22967,129847
52149,156743
93671,195728
107667,209310
42295,147804
75790,179175
48253,153240
29861,136108
3262,111629
44923,150123
92662,194734
101978,203846
37712,143635
90987,193152
99768,201704
70498,173981
49570,154404
57284,161512
102535,204395
73629,176936
44984,150181
106447,208114
85836,188430
86921,189447
43682,148993
25185,131908
17558,124837
74456,177737
15985,123216
77876,181023
77643,180826
30193,136376
1848,110359
78811,181874
30253,136434
28862,135210
13712,121058
79841,182824
88098,190469
34515,140472
2172,110662
64067,168198
51187,155867
85222,187836
86493,189055
10037,117604
33463,139513
105107,206905
95161,197200
45010,150205
35441,141368
41072,146710
16479,123689
65723,169585
102797,204657
4504,112610
57080,161319
66722,170470
26650,133245
54509,158869
71491,174951
73321,176642
77454,180662
37555,143482
38446,144341
100743,202647
73476,176794
80208,183170
72398,175807
103972,205804
69912,173411
58143,162423
65644,169512
61578,165815
69818,173315
22268,129236
86506,189066
77326,180558
37246,143173
103522,205364
42154,147675
9639,117259
59170,163543
7428,115272
49494,154338
73311,176632
58117,162397
74317,177600
3414,111756
104767,206569
11933,119351
76059,179419
76336,179681
56151,160435
65828,169683
71204,174680
49420,154266
74096,177390
71987,175420
67474,171098
76791,180071
77753,180923
23761,130579
102422,204282
28514,134885
83744,186429
88334,190700
25784,132453
77135,180381
53121,157640
62222,166441
18422,125700
55842,160143
28665,135021
103314,205158
55623,159936
58601,162928
51365,156032
60391,164677
11799,119219
103509,205351
79017,182076
97122,199087
32991,139078
3680,112000
86585,189139
70056,173547
90756,192944
89931,192209
9765,117366
38069,143977
69815,173312
40429,146156
20857,127950
53570,158028
49906,154688
46065,151206
57252,161483
78724,181781
74619,177900
90529,192732
107505,209152
100695,202601
35931,141838
21591,128632
44912,150112
73340,176661
29207,135511
68367,171892
65173,169110
68141,171676
35922,141829
53530,157990
82477,185261
76022,179386
55105,159428
37003,142930
23472,130312
89484,191769
88914,191268
13333,120700
17878,125186
33397,139450
28831,135180
26393,133001
74076,177370
5389,113442
102026,203894
64219,168298
37534,143461
102557,204417
108396,210035
20074,127204
99491,201431
83948,186619
49277,154159
108538,210173
58786,163107
29563,135832
71291,174767
59956,164276
21744,128759
11256,118678
24113,130907
31099,137345
107169,208832
80503,183461
36441,142385
36497,142439
63667,167819
14168,121497
26672,133263
34118,140110
36854,142782
102743,204603
68418,171940
87699,190101
34079,140071
91557,193672
50146,154906
28291,134690
91016,193181
99967,201891
37027,142954
39346,145174
76692,179987
24062,130864
32383,138539
66758,170497
81144,184033
63200,167380
91125,193284
63339,167505
52174,156768
105951,207626
20078,127208
85157,187770
3573,111902
8253,115982
34540,140497
55157,159480
78306,181425
19747,126893
8553,116243
80087,183056
14659,121957
103618,205458
108155,209796
53651,158099
34136,140128
29240,135533
108090,209731
58454,162783
20492,127589
39340,145168
13818,121163
88380,190745
107209,208870
25461,132172
106642,208309
99930,201856
29161,135477
79502,182496
66600,170366
36934,142861
51959,156579
107683,209326
45599,150758
12776,120197
105892,207567
84216,186875
78903,181962
11467,118891
40881,146556
12570,120005
35101,141038
59225,163594
97003,198970
106445,208112
105863,207538
71953,175386
28014,134448
6192,114119
87244,189730
78263,181383
51939,156560
61686,165923
31910,138079
46151,151288
91815,193903
68090,171630
85610,188204
33049,139135
9633,117254
37730,143653
87213,189702
85411,188021
80530,183488
20897,127985
9616,117237
42307,147814
72335,175753
52117,156719
106804,208474
23723,130547
42823,148322
24337,131104
15485,122742
54380,158772
89829,192110
68185,171716
19581,126740
53902,158340
57111,161350
23615,130451
100084,202006
34502,140459
68449,171971
19787,126924
60283,164579
18006,125306
25850,132509
20060,127190
12210,119591
22556,129491
49567,154401
46062,151204
4701,112795
39206,145038
36618,142556
29659,135920
19247,126420
61598,165835
8307,116034
64292,168355
90485,192693
77080,180327
75464,178858
67177,170837
31710,137911
47042,152123
18407,125686
2139,110629
10773,118217
27441,133929
98642,200597
8054,115802
20378,127486
63891,168032
3586,111914
37446,143373
61238,165485
46966,152049
93979,196032
103254,205098
88922,191276
8288,116015
59387,163752
71605,175057
68377,171902
18444,125717
19348,126514
95910,197917
100440,202352
34675,140626
23316,130168
76370,179720
84505,187151
33302,139363
4805,112898
51015,155703
73609,176919
84127,186791
78580,181657
67121,170788
22631,129564
53101,157620
82690,185463
87207,189696
20498,127595
47770,152772
103384,205228
85372,187984
38633,144519
30241,136422
107141,208804
32129,138286
36299,142192
29789,136040
80636,183576
47441,152475
3836,112123
65964,169811
35864,141771
79884,182865
46380,151491
106399,208068
89320,191635
88399,190764
78640,181713
14479,121780
6605,114494
73184,176510
31357,137580
102467,204327
31505,137718
73346,176667
23041,129918
87799,190185
54700,159042
101212,203096
82636,185411
84568,187210
15782,123024
45271,150449
101862,203736
65665,169533
63786,167933
28250,134653
71401,174867
58001,162279
60137,164440
72131,175555
84886,187505
28443,134824
19211,126386
76052,179412
70778,174256
105742,207421
4103,112366
8699,116372
80767,183698
67691,171294
83490,186198
5159,113224
3657,111982
50800,155496
50628,155338
26968,133520
36214,142108
99845,201777
45972,151118
30383,136557
18016,125315
79282,182307
14013,121351
44804,150026
57975,162255
58892,163211
48999,153926
14046,121382
38983,144838
70176,173667
94936,196983
45759,150912
86530,189087
88086,190457
80013,182987
66725,170473
69614,173117
39656,145455
31920,138089
7694,115522
53174,157686
53623,158077
22705,129631
82793,185560
50845,155539
60274,164570
53966,158403
49696,154508
104122,205950
2134,110624
72563,175971
79419,182441
99430,201370
38826,144697
35011,140952
7933,115692
30829,136874
38985,144840
68825,172314
75356,178752
84486,187136
97137,199102
24194,130977
49739,154551
95428,197459
2602,111038
43782,149093
101058,202948
13396,120755
75413,178807
75619,179010
35325,141254
108141,209782
44301,149555
95253,197284
72862,176207
36898,142825
108225,209866
90859,193037
63490,167646
83096,185828
105171,206969
58694,163019
96741,198738
28334,134731
93358,195419
35372,141301
94981,197028
25682,132359
39291,145121
104867,206665
28623,134983
80326,183285
50168,154928
44779,150001
20628,127721
52806,157346
83351,186077
101390,203272
83652,186336
58056,162330
86553,189107
60952,165213
94186,196237
70422,173912
2586,111023
102889,204749
57876,162093
48996,153923
57565,161787
10002,117573
1470,110056
66901,170615
446,108931
52626,157179
24518,131267
67234,170888
20747,127835
74796,178093
40758,146436
84350,187013
14733,122029
85052,187665
46986,152069
9685,117296
32130,138287
70141,173632
9059,116723
87814,190200
100883,202779
82424,185213
86581,189135
108182,209823
56613,160877
24339,131106
34024,140018
75474,178866
8342,116060
29923,136166
21444,128502
62758,166942
82453,185239
8319,116042
91475,193598
41145,146767
58507,162836
73563,176878
80949,183866
93337,195398
34179,140171
78793,181856
47196,152260
32625,138757
26502,133104
57506,161722
37352,143279
37559,143486
107323,208984
38544,144432
87595,190017
52864,157393
33608,139642
50938,155628
49507,154350
4382,112499
41353,146962
8884,116546
78993,182055
83060,185792
85710,188299
40590,146287
17060,124286
87242,189728
16189,123406
107555,209202
29120,135436
55689,160002
23938,130747
105962,207637
15952,123183
78353,181465
26836,133402
53052,157571
59365,163732
25126,131849
4603,112702
65743,169605
38346,144251
96719,198716
54708,159050
27480,133966
40074,145845
85469,188076
42730,148226
49115,154032
31916,138085
80489,183447
72572,175979
35517,141443
1994,110492
62836,167020
81480,184355
56137,160423
43310,148636
106968,208638
79212,182245
86076,188658
20872,127962
72645,176050
42298,147807
7932,115691
98720,200676
56736,161003
107063,208728
86190,188770
102731,204591
34906,140850
96817,198808
37229,143156
2739,111169
11405,118829
3225,111599
105030,206828
9171,116829
46069,151210
90719,192909
12578,120013
32406,138562
21163,128228
26389,132997
6719,114601
49007,153932
85288,187902
42509,148011
6236,114160
55351,159674
55019,159344
19309,126477
7669,115502
13022,120414
29825,136074
31353,137576
73371,176692
81333,184218
13870,121212
51969,156587
11515,118939
5638,113654
19402,126568
65227,169164
12814,120230
28088,134511
41797,147349
83376,186099
76269,179617
28841,135190
66059,169899
56976,161230
80993,183908
1632,110187
8656,116335
44952,150150
44193,149476
71215,174691
40561,146263
87548,189974
4423,112538
92288,194366
4554,112654
10702,118149
68220,171751
77306,180538
74003,177297
68199,171730
46089,151230
34751,140702
35149,141084
102806,204666
101647,203525
77302,180534
7608,115443
15028,122308
55346,159669
84839,187458
29236,135529
80242,183202
67923,171511
45233,150411
28171,134583
7269,115124
21148,128213
79574,182574
51120,155803
78077,181217
27225,133744
38837,144707
75109,178509
88872,191229
103263,205107
66988,170676
34972,140913
108362,210001
73301,176622
74011,177305
89152,191496
79657,182657
72938,176280
3933,112215
107428,209079
87257,189743
7072,114938
94199,196250
85455,188063
12861,120267
29243,135536
71345,174817
74006,177300
58709,163034
41280,146903
81908,184747
90363,192599
101163,203049
39881,145680
43778,149089
94000,196053
34046,140040
43673,148984
55160,159483
35500,141427
5644,113660
56524,160788
30808,136854
40831,146507
67598,171210
108463,210100
42218,147736
98981,200931
76162,179513
78054,181198
27151,133674
2568,111008
53521,157981
99046,200996
78385,181493
105736,207415
43742,149053
86805,189345
36182,142076
71232,174708
15319,122584
75397,178791
66459,170252
84844,187463
31318,137543
89368,191683
30277,136458
85798,188393
23158,130021
92049,194133
89684,191967
37473,143400
6648,114534
104064,205896
57679,161901
8210,115943
75871,179245
78615,181690
102943,204803
28186,134595
12059,119444
80863,183790
42352,147860
56622,160885
33988,139988
8455,116157
55991,160281
68515,172030
29075,135402
37489,143416
22213,129185
55582,159897
31837,138012
105018,206816
47349,152389
33984,139984
79169,182209
46441,151552
105605,207292
55677,159990
87462,189901
34577,140532
15186,122457
6088,114033
102295,204161
87759,190152
73238,176561
67204,170862
18725,125961
21259,128322
12141,119517
21806,128814
31172,137408
96447,198450
55769,160078
15233,122500
52562,157119
32493,138647
56655,160924
64870,168846
50437,155163
40989,146639
76005,179369
44366,149618
82278,185074
66190,170019
71349,174821
27941,134381
63035,167226
21924,128918
53376,157849
73236,176559
63655,167807
51400,156064
23503,130341
2787,111211
67150,170811
69654,173157
49413,154262
90531,192734
11176,118600
62974,167156
56178,160462
41598,147185
71518,174976
30796,136843
47021,152104
76783,180063
88205,190573
3219,111596
62276,166490
15005,122285
24579,131320
106514,208181
90173,192420
68500,172015
41582,147169
6199,114126
68567,172077
85723,188315
69906,173405
1321,109904
102154,204020
39116,144954
80377,183335
12454,119879
102071,203937
102268,204134
51116,155799
61259,165506
20095,127225
5427,113479
82770,185537
63988,168121
99465,201405
55309,159632
31681,137884
71259,174735
71218,174694
22448,129395
82303,185098
89216,191553
34593,140548
98901,200853
85724,188316
73639,176945
25193,131915
63294,167462
86465,189028
20785,127873
87630,190045
34352,140329
37338,143265
21118,128188
32000,138162
18328,125611
33744,139763
82434,185223
59045,163415
42495,147997
74314,177597
100774,202676
41602,147188
76864,180135
93667,195724
108721,210346
101982,203850
85566,188170
88734,191095
100386,202298
106544,208209
22975,129854
66037,169882
34299,140284
92111,194195
62235,166454
19264,126437
60617,164897
77664,180845
100433,202345
35347,141276
58696,163021
31239,137471
4891,112977
15141,122415
64725,168708
32743,138860
93700,195757
77081,180328
44183,149466
48131,153124
92406,194480
42756,148252
106543,208208
78712,181770
66856,170580
22059,129039
92249,194329
57118,161357
53782,158222
76410,179755
77277,180513
59443,163802
80724,183661
9444,117105
34519,140476
19919,127051
99614,201550
56927,161189
102371,204233
35938,141845
43180,148509
57783,161997
76473,179800
38676,144562
96503,198504
61668,165905
108712,210339
55486,159801
89495,191780
1967,110468
21712,128737
105759,207438
40837,146513
80623,183563
54398,158790
50702,155402
51665,156321
83939,186610
52885,157414
4271,112395
99392,201332
32087,138245
27403,133899
84696,187331
4368,112485
43193,148522
33748,139766
72564,175972
32920,139014
55220,159543
60009,164326
65736,169598
94061,196114
30354,136529
28915,135252
45542,150703
93632,195689
40318,146055
85093,187706
49729,154541
45665,150822
22134,129107
6334,114238
27818,134279
24334,131101
31219,137453
106605,208276
58289,162561
90375,192611
55419,159738
51027,155715
92318,194394
69675,173178
23808,130621
5491,113532
57552,161768
17496,124785
91602,193715
39672,145469
58072,162344
33371,139425
23165,130028
35871,141778
58160,162439
82237,185034
101029,202921
62240,166459
27357,133860
87590,190013
16650,123858
108271,209910
49753,154565
55071,159394
48159,153150
101662,203540
50844,155538
7434,115275
78661,181734
8330,116052
42608,148107
15096,122374
7874,115637
12001,119412
6176,114104
75454,178848
55191,159514
23287,130139
100982,202876
24331,131098
91498,193619
2254,110745
37129,143056
63254,167428
108369,210008
76506,179832
86363,188929
106455,208122
65649,169517
107593,209238
3051,111437
28096,134519
23738,130562
40833,146509
61423,165663
106207,207886
54135,158564
6819,114699
53846,158286
56295,160579
20540,127635
23617,130453
69167,172637
65730,169592
99557,201495
14448,121753
106310,207983
96932,198911
77557,180751
87724,190124
85895,188487
46754,151851
62738,166922
41640,147207
37146,143073
7590,115426
108263,209902
84721,187353
44413,149662
54056,158486
22038,129021
62247,166466
56460,160730
75726,179108
97084,199051
24283,131056
69071,172542
61761,166002
55950,160244
25041,131763
106293,207966
80351,183310
104978,206776
21606,128646
19845,126977
35594,141516
64650,168642
48948,153880
49958,154731
91123,193282
58541,162867
81214,184101
99558,201496
34058,140050
65136,169076
93516,195573
80179,183141
33446,139496
46159,151296
11064,118484
61799,166040
62704,166894
104582,206388
83513,186220
5334,113390
59680,164030
99797,201733
48651,153618
106287,207962
93884,195939
64494,168506
39199,145031
75839,179216
60395,164681
92563,194637
7273,115128
50631,155341
75366,178762
53145,157661
76417,179762
33591,139629
65692,169557
64066,168197
35003,140944
4927,113007
91385,193524
64051,168184
59860,164183
59728,164077
77761,180929
41929,147461
106719,208382
77652,180834
35730,141649
107565,209212
75713,179096
17829,125146
41063,146702
39009,144863
25433,132148
31898,138069
8145,115886
99994,201918
88027,190398
26753,133338
64105,168234
9468,117121
64957,168918
102768,204628
53382,157855
30018,136237
104284,206104
23965,130774
61764,166005
91499,193620
15254,122519
30821,136867
68903,172388
100712,202616
17049,124275
50270,155018
52600,157153
15890,123125
90869,193047
22292,129258
27863,134317
60754,165014
44333,149587
15123,122398
84301,186958
9144,116805
77526,180725
29095,135418
51483,156143
90281,192520
69503,173002
48220,153209
19762,126904
93282,195345
91183,193339
36767,142695
39784,145584
81874,184715
44945,150143
18031,125329
105646,207331
65477,169350
99978,201902
10685,118132
66886,170601
87901,190278
9385,117041
19222,126396
101081,202971
39950,145735
19476,126640
1518,110096
91761,193850
66772,170511
73897,177199
92459,194533
21215,128279
23047,129923
38324,144231
34249,140235
84174,186833
103917,205753
16701,123908
56269,160553
20094,127224
6422,114317
94555,196604
92301,194379
34167,140159
84693,187329
2515,110972
105106,206904
18523,125785
82932,185680
82773,185540
105748,207427
39707,145501
63286,167456
37199,143126
57497,161713
98835,200789
16548,123756
10052,117617
53094,157613
77714,180886
40453,146180
30519,136680
28248,134651
21154,128219
92581,194655
66615,170379
8682,116356
65727,169589
87361,189837
81935,184774
88588,190953
81577,184446
35085,141022
55834,160138
34538,140495
47414,152451
64400,168444
32969,139059
57170,161407
83734,186419
20732,127820
5788,113786
97070,199037
106422,208091
33211,139278
73361,176682
24738,131472
65645,169513
5636,113653
9162,116822
48315,153295
107904,209547
33869,139882
67280,170928
45450,150620
1800,110317
3084,111470
19227,126401
108546,210181
12238,119628
25900,132557
37856,143767
49840,154634
93859,195914
72155,175579
50560,155277
22122,129095
59128,163496
12793,120213
55458,159773
80420,183378
38454,144349
104415,206233
7284,115139
82214,185007
58324,162654
85900,188492
30030,136247
41947,147479
22296,129261
29885,136130
22167,129139
80632,183572
72600,176005
104688,206492
55288,159611
61400,165640
80148,183111
34967,140908
73590,176900
10145,117701
83949,186620
36067,141965
52462,157031
16030,123260
37539,143466
74222,177511
33116,139193
55660,159973
42948,148446
100230,202150
45846,150998
104631,206437
92224,194304
57168,161405
88276,190643
68679,172181
68810,172302
61621,165858
107539,209186
3132,111518
92571,194645
14149,121479
55624,159937
54151,158580
55831,160135
41347,146956
24167,130951
108649,210284
73183,176509
99251,201197
63349,167513
86261,188838
34989,140930
58570,162897
62513,166722
52716,157264
17057,124283
78769,181832
32190,138347
54969,159295
23827,130637
25880,132539
90336,192578
101652,203530
70630,174110
99083,201031
89456,191744
66075,169914
67712,171313
37930,143839
28369,134755
93206,195270
88266,190633
103365,205209
40169,145923
76259,179607
78805,181868
12534,119969
43492,148805
40215,145964
103978,205810
50606,155318
850,109384
10892,118321
84317,186974
50548,155265
104104,205932
89136,191483
85447,188057
16153,123375
46389,151500
92302,194380
69948,173445
38701,144587
68532,172046
46550,151661
41077,146715
73304,176625
56646,160915
17576,124852
34929,140870
50827,155523
61769,166010
17995,125297
38886,144751
42974,148472
27726,134195
108474,210111
45393,150564
21972,128956
36636,142572
102924,204784
90303,192542
100077,201999
62780,166964
8174,115909
30545,136701
39066,144911
101296,203178
29932,136170
12017,119428
14018,121356
90527,192730
19293,126463
64095,168224
75306,178702
45454,150624
67558,171172
34551,140508
67147,170808
25115,131838
69773,173274
69789,173288
46625,151734
104179,206005
44489,149737
31288,137515
34713,140664
85097,187710
2727,111159
100605,202511
82087,184899
23793,130606
59668,164018
65493,169366
34557,140513
57269,161499
73425,176744
83681,186368
102251,204117
104033,205865
85821,188415
81594,184463
82741,185511
31168,137404
99348,201290
107964,209605
37217,143144
85164,187777
11378,118802
81551,184423
2347,110824
3239,111611
53328,157809
1352,109935
100670,202576
91281,193426
3508,111844
63461,167617
46865,151954
77649,180831
102447,204307
34293,140278
78105,181245
6364,114266
13558,120906
30376,136550
33239,139304
70076,173567
41747,147304
12110,119477
18899,126110
20821,127908
95340,197371
52427,157002
62779,166963
38595,144483
107610,209255
62529,166738
22650,129581
14056,121390
86601,189155
58374,162707
30529,136690
92258,194338
51958,156578
27158,133681
45999,151143
55294,159617
100460,202372
85805,188399
95165,197204
51164,155846
90475,192687
31804,137987
80127,183093
28953,135286
16191,123408
45292,150469
93947,196002
21162,128227
23061,129935
48033,153031
79882,182863
54143,158572
64816,168794
69051,172522
68063,171606
96466,198467
63245,167419
32402,138558
83390,186113
89810,192091
10730,118177
71442,174904
77729,180905
53461,157924
8473,116174
20387,127494
14963,122246
68299,171827
76338,179683
76777,180058
76137,179488
87709,190109
62840,167024
101768,203644
56452,160722
106209,207888
22572,129506
91514,193633
22595,129528
102846,204706
66014,169859
12105,119473
19741,126889
47722,152724
74384,177667
48094,153087
85190,187800
106224,207901
52792,157332
31943,138110
14892,122180
84251,186910
35106,141043
37334,143261
86255,188833
30793,136840
61441,165681
20636,127729
7987,115741
57562,161784
6086,114031
25456,132169
24530,131278
45919,151067
26156,132781
69621,173124
88061,190432
8974,116633
82427,185216
6868,114746
83765,186447
94754,196803
100867,202763
57450,161667
62495,166706
101425,203307
21657,128692
87148,189648
66208,170035
88728,191089
106022,207703
59766,164115
107871,209514
56235,160519
107918,209559
36877,142804
53290,157777
46085,151226
2670,111104
73161,176487
13011,120403
3469,111805
80874,183799
58921,163237
16447,123657
88247,190615
619,109126
45677,150833
37337,143264
11758,119178
107048,208713
102283,204149
52083,156683
29135,135451
61608,165845
20346,127455
49444,154292
41467,147064
83142,185874
107553,209200
66699,170449
9462,117119
53617,158071
66039,169884
104358,206176
77106,180350
45872,151022
23011,129890
84702,187337
73835,177139
75086,178486
80697,183634
23885,130695
56140,160426
70525,174007
39462,145279
60533,164818
39689,145485
87026,189541
55025,159350
48630,153599
59935,164255
4279,112401
67414,171046
99300,201244
67781,171375
73350,176671
91160,193317
101827,203701
7919,115678
92972,195044
3770,112072
23106,129971
51388,156052
60280,164576
72054,175481
46440,151551
19866,126998
60687,164962
14593,121891
27420,133913
57112,161351
63223,167399
39282,145112
108223,209864
61760,166001
80332,183291
14282,121599
106530,208197
72626,176031
64610,168609
1714,110250
41369,146978
27016,133565
52689,157238
45421,150592
59762,164111
6459,114350
71186,174662
69090,172561
107316,208977
84767,187393
57101,161340
55286,159609
58705,163030
95321,197352
20639,127732
53545,158005
105702,207381
16175,123397
92438,194512
75355,178751
42559,148059
51949,156570
6620,114507
30263,136444
55606,159919
53938,158375
40887,146560
103627,205467
63861,168004
90932,193104
1829,110340
14627,121925
21964,128950
47011,152094
38598,144486
59840,164163
54594,158939
30090,136302
69969,173464
16475,123685
84535,187177
93994,196047
73569,176884
58525,162854
106909,208581
69216,172683
52109,156711
98620,200575
86143,188725
15721,122969
47899,152898
41466,147063
32716,138834
13025,120417
60896,165159
50246,155000
68531,172045
33112,139190
18756,125989
87405,189870
95038,197083
66702,170452
72201,175625
56545,160809
42211,147729
16802,124009
91113,193272
30779,136827
7130,114994
49315,154191
23841,130649
53858,158298
73008,176342
1622,110177
65950,169797
35717,141637
96513,198512
2288,110775
100179,202099
61327,165569
96786,198779
29264,135557
89644,191927
29567,135836
62871,167055
99745,201681
108588,210223
4062,112330
105043,206841
52958,157483
107896,209539
71355,174825
12231,119620
15809,123047
101536,203418
102956,204814
13545,120893
35005,140946
98975,200925
79539,182539
57882,162099
73593,176903
51141,155824
62535,166744
7459,115299
39747,145547
89000,191352
81700,184563
105706,207385
31587,137794
95102,197143
33121,139198
23399,130248
96713,198710
4598,112697
53256,157744
83302,186029
84966,187581
3900,112184
8345,116063
55404,159723
85327,187939
14527,121827
59876,164199
10620,118069
70652,174132
37416,143343
96280,198285
88544,190909
27251,133764
24384,131143
6990,114860
48703,153668
67459,171087
7954,115713
36063,141961
15596,122853
32010,138171
59247,163616
43443,148756
41693,147252
31854,138027
90426,192655
30837,136881
4674,112770
105876,207551
82443,185230
81131,184021
54861,159192
100219,202139
86714,189260
21510,128564
86983,189498
20611,127704
57067,161308
53090,157609
81615,184484
6996,114866
9465,117117
88028,190399
94271,196320
9023,116687
84861,187480
77827,180982
103962,205794
91688,193788
57993,162271
89678,191961
8548,116238
12020,119431
27244,133757
7970,115729
10165,117721
29413,135699
10650,118099
99641,201577
52762,157307
75202,178600
60053,164367
42580,148080
40805,146481
15761,123006
41545,147132
25203,131925
18341,125623
73777,177081
36900,142827
97086,199053
74201,177490
27525,134011
18521,125783
84987,187600
81018,183933
9877,117472
101166,203052
106173,207852
101915,203789
11619,119037
60299,164595
63051,167242
33400,139452
32070,138229
46856,151945
8310,116037
105503,207186
102831,204691
48398,153374
28746,135099
69683,173186
63063,167254
21292,128354
9040,116704
73049,176379
26549,133150
48172,153163
12894,120299
58637,162963
106551,208216
93324,195385
100687,202593
2272,110759
79803,182792
77201,180445
59382,163747
35385,141314
100058,201980
41450,147047
75792,179177
23539,130371
45256,150434
84214,186873
36580,142520
77590,180781
69204,172671
25528,132213
64675,168666
28678,135034
51746,156394
61167,165422
10188,117740
88943,191297
79015,182074
29622,135890
40012,145797
46740,151841
4326,112446
35598,141520
16782,123989
3119,111505
85384,187996
78397,181503
20701,127789
49024,153949
48949,153881
103137,204991
88559,190924
69641,173144
82273,185069
46061,151203
37409,143336
53196,157703
79236,182267
95486,197517
82762,185529
68748,172247
106708,208371
5315,113372
73267,176588
9970,117543
67698,171301
68854,172342
24284,131057
36284,142177
91056,193219
59863,164186
43493,148806
71220,174696
15508,122765
35345,141274
36207,142101
34087,140079
57301,161527
95785,197800
59312,163679
106885,208557
20706,127794
85612,188206
57460,161676
65733,169595
24058,130860
79725,182724
58622,162948
73748,177052
58625,162951
67214,170872
64762,168745
36484,142426
50076,154846
81004,183919
52336,156918
44744,149968
22392,129346
57014,161260
15368,122630
86365,188931
91878,193962
20063,127193
72511,175920
90735,192925
2079,110569
102178,204044
28454,134834
77449,180657
31166,137402
14069,121403
3507,111843
80141,183105
27257,133768
11432,118856
37107,143034
108058,209699
81649,184516
36720,142648
79103,182148
63270,167442
98802,200756
39703,145497
34999,140940
63061,167252
35181,141110
53444,157909
11665,119082
50425,155151
3522,111858
88202,190570
102149,204015
69600,173103
4647,112744
3722,112034
87776,190168
21331,128392
90305,192544
5487,113528
82466,185252
32127,138284
76901,180172
92124,194204
19269,126442
13611,120959
7469,115309
84980,187595
17851,125162
9617,117238
101741,203617
104423,206241
41102,146735
107481,209130
59843,164166
41349,146958
4863,112949
37731,143654
105878,207553
107878,209521
99402,201342
23979,130788
66201,170028
98977,200927
39036,144886
38981,144836
107821,209464
10314,117848
107250,208911
83329,186056
78375,181484
99459,201399
86632,189191
86824,189364
20721,127809
88855,191212
45474,150644
10163,117719
50977,155667
66863,170586
26724,133313
84397,187060
86602,189156
108442,210079
65621,169489
68422,171944
73905,177207
58370,162703
52573,157130
25559,132240
93163,195231
65760,169618
89114,191462
8072,115820
103050,204908
45521,150686
78204,181330
23199,130059
38435,144331
45847,150999
107772,209415
45274,150452
75369,178765
12140,119516
24122,130913
1681,110218
100533,202445
42833,148332
55884,160179
48525,153493
37506,143433
107818,209461
91681,193781
52490,157053
31582,137791
6716,114600
54824,159156
45876,151026
49495,154339
3010,111400
102639,204499
62268,166485
14362,121673
19725,126875
14995,122276
40094,145865
47338,152380
69077,172548
94966,197013
4995,113067
58065,162337
6946,114818
14311,121625
36735,142663
10001,117572
74105,177399
6962,114834
67845,171441
8552,116242
106868,208542
21877,128878
39030,144880
86926,189451
108358,209997
83273,186002
5482,113524
8828,116490
3921,112205
76708,180003
107334,208995
82882,185636
72860,176205
108563,210198
83695,186381
27122,133649
43582,148895
30566,136721
2453,110916
70631,174111
8026,115777
91383,193522
4974,113049
8943,116605
4639,112737
84374,187037
105647,207332
21847,128853
86113,188695
69231,172698
62621,166826
4045,112315
78448,181541
105996,207677
15192,122463
84364,187027
16611,123819
57167,161404
12091,119462
102011,203879
92982,195054
103303,205147
91064,193227
48108,153101
35249,141178
96992,198959
24671,131408
98989,200939
6621,114508
22906,129801
89854,192135
39698,145494
89304,191619
58493,162822
108203,209844
55117,159440
83926,186597
57948,162230
59542,163898
66850,170576
60827,165084
45604,150763
43314,148640
93863,195918
42831,148330
35037,140976
24157,130944
56223,160507
13928,121269
52106,156708
103925,205761
99225,201173
89238,191570
11023,118449
1982,110483
37357,143284
108244,209883
31106,137348
73383,176704
82715,185485
106625,208294
87299,189783
86720,189266
54236,158642
90090,192344
22119,129092
56105,160391
23544,130376
63593,167739
75882,179254
81390,184275
94823,196872
75868,179242
87331,189812
103922,205758
92001,194085
62827,167011
23433,130278
97049,199016
33860,139873
64806,168785
103107,204963
14019,121357
94157,196208
6601,114490
60767,165024
11010,118428
16258,123469
90904,193082
5348,113404
6977,114847
51788,156426
9394,117050
26678,133269
68250,171780
81282,184167
16394,123604
68284,171812
61583,165820
29752,136005
38057,143965
12710,120142
79458,182454
58292,162564
8590,116275
29996,136219
82814,185576
49325,154196
108126,209765
93504,195561
8811,116473
108110,209751
14272,121593
19971,127103
67954,171535
87729,190128
22469,129415
70262,173755
107699,209342
107179,208842
9446,117106
70390,173883
91239,193391
67009,170692
58566,162893
91596,193709
71912,175345
10078,117641
72238,175662
99457,201397
11858,119276
3178,111562
8228,115959
28559,134926
10046,117611
101319,203201
97194,199153
1966,110467
15825,123063
12392,119817
64590,168592
79711,182710
9166,116824
70384,173877
106251,207926
9293,116952
28782,135131
108737,210362
76650,179950
82457,185243
41595,147182
22430,129377
65082,169026
70593,174073
85428,188038
36227,142121
99538,201476
17414,124683
52163,156757
66496,170287
44558,149800
37355,143282
42155,147676
94769,196818
61489,165729
38299,144210
101140,203028
7934,115693
17882,125189
47755,152757
49055,153979
3851,112138
84325,186982
101218,203102
86537,189093
70340,173829
64720,168703
76226,179574
19357,126523
43176,148506
39174,145006
15407,122665
58835,163154
90198,192445
59259,163628
71793,175235
100560,202472
2233,110719
73550,176866
70521,174003
27776,134241
3842,112129
9393,117049
104391,206209
102037,203905
15685,122939
62532,166741
102935,204795
41491,147081
99649,201585
48379,153359
74861,178189
39483,145296
42086,147614
24634,131375
94484,196533
48749,153708
72260,175684
95256,197287
23242,130097
74634,177915
70767,174245
78631,181706
61299,165542
33035,139121
102230,204096
53153,157667
3552,111887
17874,125182
2710,111142
38954,144813
86919,189445
62765,166949
59430,163789
40143,145897
21399,128457
49114,154031
58297,162569
7988,115742
74426,177709
103498,205340
15161,122433
81830,184690
96703,198700
70670,174149
62625,166830
69076,172547
64909,168877
78972,182034
24125,130916
84502,187148
4333,112453
15021,122301
84163,186825
24237,131017
73533,176849
53837,158277
59519,163879
11347,118773
50694,155395
57102,161341
18749,125982
70151,173642
6898,114770
21194,128258
42964,148462
73394,176713
59429,163788
9905,117496
59890,164210
8993,116652
34642,140594
67388,171021
80929,183851
68703,172205
81603,184472
24774,131507
83643,186328
101264,203146
107463,209112
71791,175233
46539,151650
46590,151701
102744,204604
103418,205262
33627,139660
60895,165158
8449,116150
60407,164693
92140,194220
19902,127034
54226,158636
76903,180174
29704,135960
10675,118124
23183,130045
53798,158238
60413,164699
77250,180488
25329,132047
46725,151828
29333,135625
13844,121186
14156,121485
8248,115977
9565,117196
30226,136407
108314,209953
13925,121266
31387,137602
57681,161903
19239,126413
8582,116268
71898,175331
48413,153386
24563,131304
39764,145564
78567,181646
54602,158946
33848,139862
29420,135706
63811,167954
22632,129565
36038,141939
5149,113214
43210,148538
63944,168077
81045,183955
100804,202704
73899,177201
17947,125250
65898,169745
33422,139472
91858,193942
91510,193629
2535,110989
44530,149777
59650,164000
65055,169003
56255,160539
48265,153252
60664,164941
36238,142132
26400,133008
1611,110166
68373,171898
74361,177644
27443,133931
62214,166436
106984,208653
93753,195810
37164,143091
70067,173558
51565,156223
30339,136518
60450,164734
5342,113398
55384,159705
56504,160771
77542,180739
104913,206711
46074,151215
64577,168580
103074,204932
12977,120370
82590,185373
86304,188874
27333,133838
81035,183947
21825,128833
40589,146286
47861,152860
5279,113335
68690,172192
87871,190253
61138,165393
25448,132163
68341,171869
95179,197216
23556,130387
32881,138980
47673,152676
11499,118923
24507,131257
36297,142190
47866,152865
83924,186595
100789,202689
69671,173174
39326,145154
46478,151589
48009,153007
82850,185610
59416,163777
65618,169486
6146,114080
11374,118798
87545,189971
74621,177902
1575,110136
22770,129685
73521,176837
76437,179772
15557,122814
36298,142191
46631,151740
19899,127031
89701,191984
103529,205371
78999,182061
33008,139094
76500,179826
91716,193811
2271,110758
24282,131055
37090,143017
63533,167686
59500,163865
75199,178597
63315,167483
20607,127700
106143,207822
43256,148582
49611,154435
88658,191023
62646,166850
91126,193285
48250,153237
66715,170465
57047,161292
59081,163451
12499,119924
30031,136248
2949,111353
72148,175572
22772,129687
73653,176957
73881,177183
37052,142979
14773,122067
99043,200993
22576,129509
66713,170463
107532,209179
78101,181241
5130,113195
93509,195566
23100,129967
90236,192478
4066,112334
24722,131457
79860,182843
100733,202637
72837,176187
64492,168504
98988,200938
63596,167742
12378,119804
57218,161451
94805,196854
4366,112483
36889,142816
105917,207592
107283,208944
35687,141607
35255,141184
73056,176386
31075,137321
38241,144159
44776,149998
62572,166779
96893,198878
93575,195632
58686,163012
54681,159023
105979,207660
66288,170101
31473,137688
12747,120173
73481,176799
61779,166020
2158,110648
62257,166476
82373,185165
53373,157847
106436,208103
16218,123434
797,109317
37036,142963
27250,133763
48965,153894
44103,149393
27651,134126
104318,206136
29588,135857
96024,198029
55996,160285
72132,175556
34944,140885
26957,133512
55702,160015
16532,123740
53024,157543
73577,176890
13494,120846
87733,190130
73429,176748
80285,183245
78004,181148
56390,160666
8003,115757
52127,156725
15811,123049
37041,142968
40819,146495
102884,204744
37802,143715
101604,203482
90783,192971
25075,131798
94913,196960
61765,166006
62550,166759
54404,158796
10234,117777
601,109108
27098,133633
49034,153959
66889,170604
93085,195155
34763,140713
71304,174780
11150,118575
15612,122871
25703,132378
13490,120843
49942,154719
75189,178587
20620,127713
35775,141693
15418,122676
46570,151681
1566,110129
15577,122834
15814,123052
87696,190098
100222,202142
82202,184995
100510,202422
81587,184456
50367,155099
103245,205089
34483,140441
57563,161785
33027,139113
61835,166072
56490,160757
42538,148039
84907,187526
10240,117783
95474,197505
47941,152940
6591,114480
96782,198775
100477,202389
32864,138965
104286,206106
69659,173162
7935,115694
78918,181977
73963,177260
73496,176814
62137,166357
90685,192875
68160,171693
25915,132572
104227,206049
77154,180400
52167,156761
20412,127514
42277,147790
88190,190558
29905,136149
30143,136335
90269,192509
78165,181299
81148,184037
8773,116432
53352,157829
63537,167690
87195,189685
105070,206868
43434,148747
2963,111363
55140,159463
59559,163914
95989,197994
20945,128030
61438,165678
74622,177903
16599,123807
2107,110597
46901,151988
65901,169748
33649,139682
5959,113937
68855,172343
50224,154978
82632,185409
37364,143291
36880,142807
42055,147583
9590,117216
77193,180437
92409,194483
14346,121657
68317,171845
11573,118990
91593,193706
93532,195589
64307,168366
17832,125148
56144,160430
66966,170659
57162,161399
71393,174862
13787,121132
101009,202901
16073,123303
3444,111785
5743,113744
35708,141628
31682,137885
36158,142054
23743,130567
87476,189909
62147,166367
74552,177833
82010,184832
22828,129733
51952,156573
53737,158180
14398,121708
17510,124797
4683,112779
100927,202823
64727,168710
64278,168342
32082,138240
100636,202542
99016,200966
68578,172087
104049,205881
72536,175944
32385,138541
16749,123956
81204,184091
76271,179619
11433,118857
19243,126417
33128,139205
35946,141853
96906,198889
23035,129913
58829,163148
60422,164706
99000,200950
83360,186085
45325,150497
41926,147458
21352,128412
85483,188090
50856,155550
65242,169179
32334,138490
102776,204636
54088,158518
13146,120527
46059,151201
73149,176477
91490,193611
101685,203563
75399,178793
22337,129298
30285,136466
7891,115653
34653,140605
74116,177408
106716,208379
61475,165715
94168,196219
11740,119160
31474,137689
102454,204314
42777,148273
53887,158327
20532,127627
45971,151117
78127,181266
83379,186102
7633,115466
59037,163407
81370,184255
108643,210278
49109,154027
46121,151260
81530,184405
18728,125964
11786,119206
11934,119352
37642,143569
7043,114911
103311,205155
59553,163908
9204,116860
80631,183571
36563,142503
32576,138715
47798,152800
67696,171299
2979,111374
55622,159935
103191,205035
83967,186638
47581,152598
71456,174918
43862,149162
21074,128148
61610,165847
100090,202012
79359,182397
36882,142809
60647,164926
33366,139420
10765,118209
3142,111528
11177,118601
69152,172622
83668,186351
51127,155810
50667,155377
50829,155525
73968,177265
16243,123455
35311,141240
18627,125878
11084,118503
42241,147759
33954,139954
6332,114236
29423,135709
42646,148143
24367,131127
12489,119914
25013,131723
14632,121930
80015,182989
48286,153271
1318,109901
106275,207950
10603,118052
59847,164170
4824,112916
36586,142526
55713,160024
65220,169157
71398,174866
66826,170558
106859,208533
16666,123874
81832,184691
24106,130901
17384,124654
38618,144506
81588,184457
20144,127274
57848,162058
71532,174990
59408,163771
89926,192204
13776,121121
57936,162224
59034,163404
59451,163810
3367,111715
73010,176344
647,109151
62863,167047
39051,144898
18726,125962
86374,188938
52846,157377
89038,191386
5576,113605
9514,117160
8348,116066
39658,145457
44830,150050
7164,115026
69688,173191
72456,175865
103340,205184
3546,111882
64718,168701
22940,129823
49544,154384
37430,143357
76496,179822
99040,200990
35451,141378
106640,208307
28568,134935
19591,126749
89137,191484
25370,132086
85495,188102
91084,193245
22247,129218
34017,140012
12828,120241
63105,167291
67532,171151
53749,158189
27852,134310
65466,169340
32935,139029
68843,172331
32372,138528
5368,113424
55106,159429
72712,176103
85602,188197
76896,180167
90790,192978
28877,135223
6967,114837
25486,132186
50990,155680
106589,208260
91409,193542
6251,114173
53331,157812
56687,160957
108576,210211
104378,206196
104505,206315
68800,172292
20735,127823
54622,158966
29600,135869
68911,172394
52615,157168
107953,209594
91034,193199
16266,123477
58319,162649
46562,151673
56486,160753
10814,118258
57877,162094
5473,113517
103981,205813
101707,203583
95762,197777
100196,202116
108439,210076
106099,207778
14743,122038
104294,206114
82833,185595
47792,152794
82866,185621
5408,113461
44545,149790
73970,177267
27721,134190
105891,207566
94006,196059
56303,160587
40196,145947
58462,162791
46839,151928
7610,115445
76563,179879
32687,138810
29172,135486
5271,113329
20014,127145
53273,157760
10766,118210
102445,204305
67842,171438
28850,135199
55067,159390
65330,169233
90573,192776
27728,134197
32516,138666
42796,148292
4047,112317
5033,113104
56459,160729
20989,128070
98826,200780
55497,159812
95832,197843
98823,200777
7580,115416
20180,127304
36045,141945
98767,200721
22831,129736
11968,119384
25070,131792
83028,185760
45751,150904
79171,182211
21824,128832
36664,142594
34073,140065
28168,134580
8846,116508
25675,132352
70511,173993
55594,159909
15393,122652
87227,189716
81518,184393
39980,145765
39816,145612
27911,134357
14647,121945
4051,112321
102288,204154
32230,138387
50211,154969
30841,137111
21772,128782
29838,136087
32429,138585
8161,115898
48142,153133
6792,114674
47886,152885
100859,202755
93635,195692
34727,140678
80328,183287
3961,112240
55146,159469
3461,111800
77030,180283
84678,187317
31877,138050
43623,148936
40455,146182
106273,207948
12531,119966
34222,140212
61630,165867
83766,186448
70946,174425
6676,114560
16795,124002
88090,190461
92468,194542
35789,141704
7056,114924
94041,196094
16659,123867
80247,183207
3402,111746
5730,113734
59064,163434
24924,131645
51056,155744
33690,139717
40539,146243
102665,204525
108259,209898
90343,192585
80627,183567
34670,140621
86547,189101
11142,118567
61582,165819
34959,140900
91241,193393
4341,112461
106972,208642
81036,183948
13362,120725
65804,169660
57235,161468
13500,120852
64794,168775
80494,183452
56453,160723
27902,134348
76457,179787
34532,140489
102082,203948
73140,176468
21167,128231
108537,210172
70209,173698
77956,181107
1332,109915
86070,188652
78254,181374
3466,111802
19631,126783
67873,171469
58650,162976
89575,191858
35440,141367
27878,134327
26922,133479
8559,116249
41580,147167
29048,135378
51682,156338
70466,173953
5229,113290
90064,192321
11419,118843
100290,202206
94782,196831
76546,179863
71361,174830
78144,181281
99858,201790
47987,152985
38275,144189
67694,171297
81772,184635
90101,192354
86606,189160
3206,111586
60133,164439
104691,206495
8193,115926
9004,116668
100153,202073
14850,122140
68731,172232
27711,134180
74036,177330
13582,120930
4898,112983
72691,176084
44392,149642
86814,189354
73226,176549
9811,117408
12232,119622
61134,165389
12688,120120
47153,152221
83050,185782
43444,148757
46490,151601
34422,140385
101778,203654
84408,187071
101329,203211
61617,165854
33524,139570
102990,204848
93003,195073
63890,168031
37525,143452
22046,129028
70187,173678
11530,118954
2449,110912
92306,194384
45908,151056
11844,119263
88407,190772
50470,155194
95265,197296
28955,135288
43825,149134
68304,171832
61643,165880
5585,113612
63071,167261
91018,193183
18415,125694
78256,181376
23511,130348
25920,132577
90322,192560
106329,208002
53113,157632
102942,204802
15122,122397
56182,160466
13202,120582
5443,113495
37532,143459
34496,140454
82238,185035
72240,175664
55839,160141
7500,115340
101242,203126
22912,129807
5343,113399
34482,140440
51672,156328
10103,117664
53357,157834
5833,113827
30505,136666
81280,184165
65096,169040
89031,191379
95657,197678
11284,118711
99080,201028
108282,209921
56141,160427
68344,171872
99531,201469
87521,189947
59971,164288
12304,119701
34728,140679
63296,167464
7587,115423
39454,145274
2613,111047
28614,134974
58513,162842
18639,125888
32011,138172
8836,116498
103286,205130
41882,147417
74631,177912
83625,186311
12118,119484
33437,139487
72893,176238
37508,143435
37226,143153
72983,176319
41511,147098
89964,192237
22561,129495
45960,151106
100390,202302
10059,117624
9200,116856
94941,196988
68919,172402
37160,143087
41161,146781
50276,155023
105603,207290
28225,134629
107034,208701
25769,132438
69674,173177
22162,129134
39292,145122
95028,197073
36958,142885
25963,132617
72134,175558
11221,118643
14779,122073
9956,117529
60913,165176
63635,167787
11186,118610
107444,209095
59878,164201
80009,182983
58397,162730
28587,134953
50812,155508
100520,202432
51037,155725
3721,112033
89511,191796
99057,201007
80484,183442
73492,176810
82462,185248
24264,131041
21933,128925
103297,205141
65939,169786
78331,181447
89887,192168
101989,203857
54160,158589
23997,130805
86905,189433
21973,128957
18256,125539
35608,141530
49757,154569
24537,131284
40677,146358
68576,172085
99295,201239
89175,191514
49509,154352
59858,164181
86794,189334
40092,145863
11278,118700
52121,156721
23712,130537
91594,193707
57769,161983
70095,173586
57221,161454
77619,180805
12468,119893
85064,187677
13135,120518
40014,145799
18731,125967
91721,193816
28644,135003
32633,138764
40767,146445
63664,167816
2638,111074
21928,128921
8194,115927
5727,113731
75299,178695
103280,205124
99964,201888
83445,186155
40386,146121
58490,162819
69075,172546
47845,152846
23764,130582
101728,203604
102444,204304
24784,131517
94851,196900
7023,114893
28280,134680
61711,165947
14360,121671
53263,157751
67504,171125
12916,120315
13820,121165
105687,207368
61301,165544
19355,126521
85854,188448
29549,135820
56548,160812
18410,125689
75852,179228
79415,182439
56512,160779
85814,188408
88612,190977
64255,168322
90809,192995
36201,142095
33825,139841
55791,160098
15633,122892
85719,188312
3734,112044
60595,164878
30461,136626
83062,185794
9118,116780
61858,166094
34716,140667
105964,207639
3668,111991
61488,165728
84089,186758
88831,191190
9492,117140
12962,120356
26206,132827
84707,187342
51762,156405
30218,136399
97073,199040
14199,121525
106735,208398
15801,123040
106215,207892
10936,118364
54382,158774
60359,164646
23665,130496
14430,121735
90792,192980
1823,110334
21839,128847
59199,163568
40435,146162
101226,203110
70610,174090
22321,129284
87826,190210
9143,116804
77086,180332
70226,173713
83517,186223
14005,121343
64464,168486
15646,122905
22375,129331
7598,115434
72684,176079
30016,136235
59151,163518
1451,110040
34146,140138
16032,123262
96867,198856
561,109070
63530,167683
106357,208026
14630,121928
74157,177446
94926,196973
104583,206389
45798,150950
58451,162780
85182,187793
87640,190053
18048,125344
61486,165726
106797,208467
107591,209236
105165,206963
57787,162001
106472,208139
73343,176664
104091,205921
85884,188476
39996,145781
84048,186719
106938,208608
73197,176523
67203,170861
100834,202732
40107,145876
104146,205972
6017,113980
88926,191280
12107,119475
99362,201304
37309,143236
89196,191533
70796,174274
84808,187431
93024,195094
15994,123225
10405,117923
105094,206892
43291,148617
104401,206219
72058,175485
53630,158082
95462,197493
94848,196897
61970,166200
71932,175365
14130,121461
71751,175197
13137,120519
86508,189068
106140,207819
26634,133231
53502,157962
68064,171607
92152,194232
10996,118416
70143,173634
4384,112501
66417,170214
24275,131050
84860,187479
85784,188381
59504,163869
54341,158735
71779,175221
29246,135539
38688,144574
3733,112043
8670,116347
15087,122366
75993,179360
101802,203676
39536,145340
6402,114300
18516,125778
30736,136786
53126,157645
74293,177578
18816,126038
55843,160144
108646,210281
53647,158095
89609,191892
105615,207302
106602,208273
39592,145396
105588,207275
95599,197624
78396,181502
24776,131509
99340,201282
72660,176063
84831,187450
75337,178733
65566,169435
71904,175337
67656,171265
83792,186473
53958,158395
93876,195931
74069,177363
71650,175100
88410,190775
16587,123795
38340,144245
72988,176324
68834,172322
107789,209432
52630,157183
7612,115447
106615,208284
21348,128408
23049,129925
78269,181389
14427,121733
96815,198806
6751,114633
73494,176812
23525,130360
22877,129776
84392,187055
20384,127492
19577,126736
94076,196129
72782,176158
80333,183292
101932,203804
92541,194615
12824,120239
73191,176517
29938,136174
7192,115054
28616,134976
77153,180399
60437,164721
50105,154874
8433,116134
105478,207165
16557,123765
19416,126582
4254,112374
83069,185801
13809,121154
23815,130627
73449,176768
44904,150104
28688,135044
104424,206242
12683,120115
89666,191949
73373,176694
64052,168185
49534,154374
102164,204030
99232,201180
30109,136317
15584,122841
55422,159741
78576,181655
34878,140823
104768,206570
5026,113097
90995,193160
64325,168380
107382,209037
41083,146721
23452,130293
77197,180441
80535,183493
87514,189940
48916,153852
45363,150534
14531,121831
60384,164670
103291,205135
33090,139172
73584,176896
48453,153423
78963,182025
67927,171515
64843,168819
95155,197194
106351,208020
34916,140859
37968,143876
23742,130566
87603,190025
21481,128538
55565,159880
100150,202070
41256,146880
57754,161968
40080,145851
58782,163103
107991,209632
88324,190690
95172,197209
8854,116516
6793,114675
38473,144365
43366,148685
101702,203578
14990,122271
50492,155212
30043,136256
48655,153622
12757,120183
56798,161062
7542,115380
104548,206358
17885,125191
62927,167111
55329,159652
29384,135670
14363,121674
89529,191812
76061,179421
42713,148210
21317,128378
104520,206330
63092,167280
28871,135219
34643,140595
74138,177427
82240,185037
61303,165546
66493,170284
7222,115082
76514,179836
15279,122544
57436,161655
40076,145847
75407,178801
3518,111854
106794,208464
52945,157470
2514,110971
91130,193289
40472,146197
16680,123888
19858,126990
104555,206363
46048,151190
60712,164983
83561,186259
59622,163972
33013,139099
28580,134947
6666,114550
69268,172733
95655,197676
89263,191591
105150,206948
81687,184551
16436,123646
106240,207917
100704,202610
9247,116902
2151,110641
2687,111119
46523,151634
102485,204345
99005,200955
63767,167914
32321,138477
23526,130361
20665,127754
34851,140797
13285,120655
103607,205447
90234,192476
22942,129824
102095,203961
24432,131191
108023,209664
50490,155210
104139,205965
25513,132201
22621,129554
38951,144810
90059,192317
38265,144180
56021,160309
45347,150519
66388,170187
56308,160592
11521,118945
46475,151586
88280,190647
82876,185630
33298,139360
48547,153515
24484,131237
91403,193538
61880,166114
72298,175718
67831,171429
5966,113944
22645,129576
52439,157008
5659,113672
47335,152377
99880,201810
24575,131316
25383,132098
91776,193864
2455,110918
74343,177626
57553,161769
21998,128982
22623,129556
2583,111020
77817,180974
28316,134714
4392,112509
44376,149628
47878,152877
40621,146309
20479,127576
53535,157995
75776,179163
67278,170926
43262,148588
53390,157863
89835,192116
108479,210116
25367,132083
37367,143294
49058,153982
87323,189804
36097,141995
41720,147274
38507,144397
52765,157309
60777,165034
37220,143147
106049,207730
42953,148451
47612,152625
33499,139546
87917,190293
41311,146930
77925,181070
21083,128154
16418,123628
18532,125791
102945,204805
32042,138201
14499,121799
74800,178105
44526,149773
45277,150455
87174,189667
71436,174900
82781,185548
106706,208369
106762,208423
60022,164339
79669,182669
32028,138188
59062,163432
93714,195771
65125,169065
63952,168085
98626,200581
101608,203486
91847,193933
79689,182689
86573,189127
17390,124660
21150,128215
41960,147492
3956,112235
79330,182351
21394,128453
88679,191042
6217,114141
44133,149421
48468,153438
73599,176909
105026,206824
42345,147853
61600,165837
7170,115032
50334,155070
23438,130282
45340,150512
103887,205723
15281,122546
103165,205015
31317,137542
31662,137865
47816,152818
12071,119451
14421,121728
82420,185210
82422,185211
14137,121468
6154,114088
108064,209705
86405,188969
48137,153128
53271,157758
31242,137473
32543,138689
89139,191486
37121,143048
67876,171472
28658,135014
76307,179653
40301,146040
44158,149443
71741,175187
36216,142110
9674,117289
58327,162657
57238,161471
29087,135412
74592,177873
101043,202933
11005,118423
8074,115822
21532,128583
12492,119917
73766,177070
57199,161436
47829,152831
